strategy,direction,opened_at,closed_at,entry,exit,qty,reason,gross_pnl,fees,net_pnl,r_multiple,balance_after,tier,fib_zone,mode,rr
ICT,SHORT,2015-08-25 05:34:00-04:00,2015-08-25 06:16:00-04:00,4154.1,4161.062142705,14.806,SL,-103.08148489022523,1.8472297676978044,-104.92871465792304,-1.0492745070186433,9895.071285342077,1,ote,5m,5.670629691595435
ICT,LONG,2015-10-23 09:40:00-04:00,2015-10-23 09:54:00-04:00,4602.2,4622.0,10.524,TP,208.3752000000019,0.9707548079999999,207.4044451920019,2.096079428218847,10102.475730534079,2,equilibrium,1m,2.105890110825045
ICT,LONG,2015-10-23 10:31:00-04:00,2015-10-23 13:27:00-04:00,4600.6,4622.0,12.024,TP,257.31359999999563,1.1089254239999997,256.2046745759956,3.0430982576404455,10358.680405110075,2,equilibrium,1m,2.3803856224708277
ICT,LONG,2016-01-11 11:03:00-05:00,2016-01-11 11:05:00-05:00,4253.8,4247.53381269,17.111,SL,-107.22073106141912,2.1814587393787717,-109.40218980079788,-1.0561425858557778,10249.278215309278,1,ote,1m,2.494301100135118
ICT,SHORT,2016-01-12 03:24:00-05:00,2016-01-12 03:48:00-05:00,4272.0,4262.8,16.341,TP,150.33719999999704,1.3946716680000002,148.94252833199704,1.4532289540816188,10398.220743641275,1,ote,1m,1.4668367346938638
ICT,LONG,2016-02-19 03:01:00-05:00,2016-02-19 03:25:00-05:00,4158.6,4152.53316296,16.098,SL,-97.66394266993274,2.0064010051466017,-99.67034367507934,-1.0567097390871047,10298.550399966196,2,equilibrium,1m,1.8887787961356468
ICT,LONG,2016-06-27 05:40:00-04:00,2016-06-27 06:15:00-04:00,4245.1,4240.342872255,22.659,SL,-107.79175757396897,2.8835357918485207,-110.67529336581748,-1.074648655133093,10187.875106600379,2,equilibrium,1m,1.7381355745746316
ICT,SHORT,2016-06-30 05:39:00-04:00,2016-06-30 07:40:00-04:00,4377.5,4370.9,21.325,TP,140.74500000000776,1.8655963,138.87940370000777,1.3631639979071493,10326.754510300387,1,deep_discount,1m,1.38147566719025
ICT,SHORT,2016-09-12 11:08:00-04:00,2016-09-12 11:37:00-04:00,4723.2,4729.6596711600005,16.594,SL,-107.19178322905084,2.353447259664581,-109.54523048871542,-1.060788075816858,10217.209279811672,2,equilibrium,1m,1.6872348630928447
ICT,LONG,2018-01-02 04:33:00-05:00,2018-01-02 06:05:00-05:00,6384.6,6393.9,14.841,TP,138.0212999999892,1.896457185,136.1248428149892,1.3322800162680255,10353.33412262666,2,equilibrium,1m,1.3508410074657702
ICT,SHORT,2018-02-05 10:18:00-05:00,2018-02-05 10:21:00-05:00,6773.4,6781.11243867,14.041,SL,-108.29035136547934,2.8553250890273096,-111.14567645450666,-1.0735610327357303,10242.188446172153,1,deep_discount,1m,2.075026446415282
ICT,SHORT,2018-02-06 10:00:00-05:00,2018-02-06 10:00:00-05:00,6544.9,6551.8724772450005,15.414,SL,-107.47376425444304,3.0286421332850892,-110.50240638772813,-1.0788670551167803,10131.686039784425,2,equilibrium,1m,3.2355641168413736
ICT,SHORT,2018-04-04 11:56:00-04:00,2018-04-04 12:00:00-04:00,6435.6,6444.1577917800005,12.302,SL,-105.27795447756142,2.3772280950895515,-107.65518257265097,-1.062585717596375,10024.030857211774,1,ote,1m,1.6877944533491331
ICT,LONG,2019-02-01 03:59:00-05:00,2019-02-01 05:42:00-05:00,6873.8,6865.5829036899995,12.731,SL,-104.61185312261853,2.6232181969375477,-107.23507131955607,-1.069768849611896,9916.795785892218,2,equilibrium,1m,1.5621428027127577
ICT,LONG,2019-05-06 04:37:00-04:00,2019-05-06 04:48:00-04:00,7675.8,7665.94088379,10.465,SL,-103.17565113765144,2.407753896977247,-105.58340503462868,-1.064732584866266,9811.212380857589,2,equilibrium,1m,1.6885117879228904
ICT,LONG,2019-05-13 03:23:00-04:00,2019-05-13 03:47:00-04:00,7479.6,7471.34681398,12.451,SL,-102.76041913502763,2.7917997796172997,-105.55221891464494,-1.0758679319102478,9705.660161942944,1,deep_discount,1m,1.8148129346665938
ICT,LONG,2019-05-13 03:49:00-04:00,2019-05-13 04:02:00-04:00,7472.6,7462.75324368,9.267,SL,-91.24989081744155,2.075632528183651,-93.3255233456252,-1.0630317286853457,9612.334638597318,1,deep_discount,1m,1.9382065383439093
ICT,SHORT,2019-06-03 09:36:00-04:00,2019-06-03 09:43:00-04:00,7124.4,7106.2,7.004,TP,127.47279999999871,0.9967112239999999,126.47608877599872,1.3157364984990048,9738.810727373317,2,equilibrium,1m,1.3261053306519586
ICT,SHORT,2019-10-10 04:17:00-04:00,2019-10-10 04:23:00-04:00,7660.1,7668.143488005001,12.714,SL,-102.26490649557832,2.923760640129912,-105.18866713570823,-1.0800710010000774,9633.622060237609,1,ote,1m,1.7232151016306092
ICT,LONG,2019-10-14 03:28:00-04:00,2019-10-14 03:41:00-04:00,7833.8,7825.474906689999,12.143,SL,-101.09160806333898,2.8517531698387337,-103.94336123317771,-1.0789206695573095,9529.678699004431,1,ote,1m,1.3990773651968127
ICT,LONG,2019-10-14 05:09:00-04:00,2019-10-14 05:19:00-04:00,7833.1,7824.775641655,12.013,SL,-100.0005167984885,2.8209708986640303,-102.82148769715255,-1.0789205805842839,9426.857211307279,1,ote,1m,1.4874387061803056
ICT,LONG,2020-02-05 09:45:00-05:00,2020-02-05 10:26:00-05:00,9376.2,9360.248964150001,4.231,SL,-67.48883268134679,1.188771289346373,-68.67760397069317,-1.0483758205310378,9358.179607336586,2,equilibrium,1m,1.8489431405107817
ICT,SHORT,2020-02-06 04:55:00-05:00,2020-02-06 05:58:00-05:00,9413.8,9398.4,8.735,TP,134.51899999999682,1.6432456699999998,132.87575432999682,1.4198396460637415,9491.055361666582,1,ote,1m,1.4373984953982422
ICT,SHORT,2020-02-26 05:32:00-05:00,2020-02-26 05:38:00-05:00,8846.2,8834.0,10.492,TP,128.00240000000764,1.8550065840000003,126.14739341600763,1.3290882359446219,9617.20275508259,2,equilibrium,1m,1.348632575004119
ICT,LONG,2020-03-10 11:27:00-04:00,2020-03-10 11:30:00-04:00,8001.2,7972.793940369999,2.811,SL,-79.84943361993147,0.6731442073276013,-80.52257782725908,-1.0227842466208037,9536.68017725533,1,ote,1m,2.2509749352479136
ICT,LONG,2020-03-10 11:34:00-04:00,2020-03-10 11:35:00-04:00,7969.3,7957.632798465001,8.463,SL,-98.73952659070117,2.021350786468186,-100.76087737716936,-1.0565028165874475,9435.91929987816,1,ote,1m,1.9433327713344903
ICT,LONG,2020-03-10 11:55:00-04:00,2020-03-10 12:10:00-04:00,7991.2,8084.4,2.509,TP,233.83879999999954,0.403336804,233.43546319599955,5.4691005067070275,9669.35476307416,1,ote,1m,1.9302452953593905
ICT,SHORT,2020-03-13 03:34:00-04:00,2020-03-13 03:35:00-04:00,7542.5,7560.11418681,4.108,SL,-72.3590794154813,0.9309848815883095,-73.29006429706962,-1.0350781549144923,9596.06469877709,1,ote,1m,2.6597326671255614
ICT,SHORT,2020-03-13 04:02:00-04:00,2020-03-13 04:02:00-04:00,7583.5,7592.563109175001,11.051,SL,-100.15641949293655,2.5161608833898588,-102.67258037632641,-1.0699367118309948,9493.392118400765,1,ote,1m,2.141993435826586
ICT,LONG,2020-03-16 09:47:00-04:00,2020-03-16 09:47:00-04:00,7080.3,7545.569202675,12.568,SL,5847.503339219401,2.786506378784388,5844.716832840617,0.9987135912992942,15338.108951241382,2,equilibrium,1m,1.4430396504931036
ICT,SHORT,2020-03-19 04:12:00-04:00,2020-03-19 04:13:00-04:00,7182.6,7166.0,19.708,TP,327.1528000000071,2.827822088,324.3249779120071,2.1145265078510165,15662.433929153389,2,equilibrium,1m,2.132963277054112
ICT,LONG,2020-03-19 09:39:00-04:00,2020-03-19 09:40:00-04:00,7071.0,7060.37596355,15.249,SL,-162.00593182604922,3.2315302513634796,-165.23746207741272,-1.0550047677218608,15497.196467075975,2,equilibrium,1m,2.2977314769741
ICT,SHORT,2020-03-30 05:28:00-04:00,2020-03-30 05:37:00-04:00,7604.8,7615.38555024,15.186,SL,-160.75216594463961,3.4678098273188933,-164.2199757719585,-1.0596881811505645,15332.976491304016,2,equilibrium,1m,2.0578551269991556
ICT,LONG,2020-04-08 03:49:00-04:00,2020-04-08 03:51:00-04:00,8043.6,8061.1,11.578,TP,202.61499999999998,1.864602166,200.75039783399998,1.3092326104683836,15533.726889138015,2,equilibrium,1m,1.3213929747197952
ICT,LONG,2020-04-08 04:11:00-04:00,2020-04-08 04:16:00-04:00,8040.4,8030.158072020001,15.786,SL,-161.6790750922605,3.804539050498154,-165.48361414275865,-1.0652956324377145,15368.243274995257,2,equilibrium,1m,2.1035730254870275
ICT,LONG,2020-04-09 04:44:00-04:00,2020-04-09 04:53:00-04:00,8193.0,8182.0978746499995,14.646,SL,-159.67252787610676,3.5966468894424777,-163.26917476554925,-1.0623937203367049,15204.974100229707,2,equilibrium,1m,1.5248260745258173
ICT,LONG,2020-04-09 04:57:00-04:00,2020-04-09 05:10:00-04:00,8187.7,8175.103524384999,12.476,SL,-157.15362977274748,3.0613492834045455,-160.21497905615203,-1.0536733498107003,15044.759121173554,2,equilibrium,1m,1.7476636280840088
ICT,LONG,2020-04-15 05:10:00-04:00,2020-04-15 05:25:00-04:00,8559.5,8580.4,12.075,TP,252.3674999999956,2.069642925,250.2978570749956,1.6636783980096521,15295.05697824855,2,equilibrium,1m,1.6774348890405932
ICT,LONG,2020-04-17 09:40:00-04:00,2020-04-17 09:41:00-04:00,8797.2,8774.564049859999,6.891,SL,-155.98433241475394,1.815525469351705,-157.79985788410565,-1.031635225208441,15137.257120364446,1,deep_discount,1m,2.8652262447512227
ICT,LONG,2020-04-17 09:43:00-04:00,2020-04-17 10:45:00-04:00,8772.2,8756.375559330001,5.082,SL,-80.41980748493798,1.3358012158503012,-81.75560870078827,-1.0455389872477607,15055.501511663657,1,deep_discount,1m,2.4910530238429454
ICT,SHORT,2020-04-20 10:18:00-04:00,2020-04-20 10:24:00-04:00,8770.2,8787.609558510001,8.872,SL,-154.4576031007231,2.337365584062015,-156.79496868478512,-1.0414145208171273,14898.70654297887,2,equilibrium,1m,1.579238901132661
ICT,LONG,2020-04-30 09:42:00-04:00,2020-04-30 09:51:00-04:00,8969.4,9009.4,6.72,TP,268.8,1.20817536,267.59182464,1.7961790576200556,15166.29836761887,2,equilibrium,1m,1.804288794464535
ICT,SHORT,2020-05-06 03:48:00-04:00,2020-05-06 04:08:00-04:00,8993.7,9003.44174958,13.314,SL,-129.70165390812042,3.594857687078163,-133.29651159519858,-1.0775060716123255,15033.001856023671,1,ote,1m,2.0541451595914233
ICT,SHORT,2020-05-06 04:39:00-04:00,2020-05-06 05:19:00-04:00,8996.4,9008.446799820002,12.964,SL,-156.17471286650567,3.5020033822573304,-159.676716248763,-1.0621341757785174,14873.325139774908,1,ote,1m,2.431789175950988
