ticker,release,timing,call,size_call,conf,total,excess,gap,tradeable,hit,hit_excess,size_hit,size_actual,trade_pnl,naive_eps,naive_hit,brier
MSFT,2026-07-29,AMC,UP,medium,0.75,0.15506739165511707,0.13830164796174138,0.12126794775269456,0.03014389675956841,True,True,False,big,0.02914389675956841,1,True,0.0625
GOOGL,2026-07-22,AMC,UP,medium,0.65,-0.07132620819602653,-0.05897695441189865,-0.06127040158863761,-0.010712180080032052,False,False,False,big,-0.011712180080032053,1,False,0.42250000000000004
META,2026-07-29,AMC,DOWN,big,0.7,-0.07954089821830823,-0.09630664191168392,-0.10179127207978955,0.02477191881535168,True,True,True,big,-0.02577191881535168,-1,True,0.09000000000000002
AAPL,2026-07-30,AMC,DOWN,medium,0.6,-0.07353858440208272,-0.08073845359586562,-0.08583509506002018,0.013451022395443157,True,True,False,big,-0.014451022395443158,1,False,0.16000000000000003
AMZN,2026-07-30,AMC,UP,big,0.65,0.15320588778032107,0.14600601858653817,0.12526539278131632,0.024830138008549607,True,True,True,big,0.023830138008549606,1,True,0.12249999999999998
NVDA,2026-08-26,AMC,UP,medium,0.6,0.08737952570943941,0.08082668107968272,0.06295906094476389,0.022974042462376554,True,True,False,big,0.021974042462376553,1,True,0.16000000000000003
AVGO,2026-09-02,AMC,UP,big,0.65,-0.027447985309836165,-0.0379164032513728,-0.04220673241524653,0.015409147603952622,False,False,False,medium,0.014409147603952621,1,False,0.42250000000000004
ORCL,2026-09-10,AMC,UP,big,0.6,-0.017392465147425762,-0.02591676660854203,0.07512743592885052,-0.08605482288371169,False,False,False,small,-0.08705482288371169,1,False,0.36
PLTR,2026-08-03,AMC,UP,big,0.7,0.2945483620118212,0.2765194098651702,0.1551532233174453,0.12067242326005179,True,True,True,big,0.11967242326005179,1,True,0.09000000000000002
TSLA,2026-07-22,AMC,DOWN,big,0.65,-0.14523677416617442,-0.13288752038204654,-0.08825969600736316,-0.06249266146215171,True,True,True,big,0.06149266146215171,-1,True,0.12249999999999998
JPM,2026-07-14,BMO,UP,small,0.6,0.02499033240560311,0.02143969448891636,-0.022509188433844196,0.04859331696769886,True,True,False,medium,0.04759331696769886,1,True,0.16000000000000003
V,2026-07-28,AMC,UP,small,0.6,0.0058376269980364714,0.021225072001138878,-0.026160005547591125,0.03285717363117113,True,True,True,small,0.03185717363117113,1,True,0.16000000000000003
MA,2026-07-30,BMO,UP,small,0.62,0.02490585826759717,0.00814011457422148,0.02492362750265853,-1.7337130869710116e-05,True,True,False,medium,-0.0010173371308697101,1,True,0.1444
WMT,2026-08-20,BMO,DOWN,medium,0.7,-0.09151364100162251,-0.08311381307485599,-0.06929138746176122,-0.023876677769379517,True,True,False,big,0.022876677769379516,1,False,0.09000000000000002
COST,2026-09-24,AMC,DOWN,small,0.55,0.029325851815177773,0.02389038302041402,-0.010574670573003875,0.040326966777057605,False,False,False,medium,-0.041326966777057605,1,True,0.30250000000000005
LLY,2026-08-05,BMO,UP,big,0.7,0.04856225880185261,0.05055882127798039,0.052273002546814995,-0.0035264179288223563,True,True,False,medium,-0.004526417928822356,1,True,0.09000000000000002
JNJ,2026-07-15,BMO,UP,medium,0.65,-0.026905704179630785,-0.030869335100916384,-0.014811934903368629,-0.012275549243808581,False,False,True,medium,-0.013275549243808582,1,False,0.42250000000000004
ABBV,2026-07-31,BMO,UP,small,0.55,-0.025135003024964075,-0.03233487221874698,-0.01891927394698001,-0.006335593914876481,False,False,False,medium,-0.007335593914876481,1,False,0.30250000000000005
XOM,2026-07-31,BMO,DOWN,small,0.55,-0.009747085511364606,-0.01694695470514751,-0.020577152974584068,0.01105760951932444,True,True,True,small,-0.012057609519324441,-1,True,0.20249999999999996
NFLX,2026-07-16,AMC,DOWN,medium,0.7,-0.07262947729257152,-0.06273227753535582,-0.1193005420205202,0.05299317980168006,True,True,False,big,-0.05399317980168006,1,False,0.09000000000000002
