symbol,half,liquidity_rank,median_quote_volume,first_day,last_day,live_days,early_days,late_days
BTCUSDT,B,1,12196490218.23626,2020-01-01,2026-09-30,2465,1827,638
ETHUSDT,A,2,6548059757.19698,2020-01-01,2026-09-30,2465,1827,638
SOLUSDT,B,3,1411491388.51,2020-09-14,2026-09-30,2203,1565,638
XRPUSDT,A,4,643513774.24387,2020-01-06,2026-09-30,2455,1817,638
1000PEPEUSDT,B,5,532672975.6968181,2023-05-05,2026-09-30,1245,607,638
DOGEUSDT,A,6,503781183.09146,2020-07-10,2026-09-30,2274,1636,638
LUNAUSDT,B,7,448056293.165,2021-01-28,2022-05-12,465,465,0
BNBUSDT,A,8,400906006.4522,2020-02-10,2026-09-30,2425,1787,638
HYPEUSDT,A,9,398324442.63887,2025-05-30,2026-09-30,489,0,489
SUIUSDT,B,10,327652968.56021,2023-05-03,2026-09-30,1247,609,638
MATICUSDT,B,11,284893661.30485,2020-10-22,2024-09-04,1414,1414,0
ADAUSDT,A,12,283741256.0668,2020-01-31,2026-09-30,2435,1797,638
WIFUSDT,A,13,271417501.94933,2024-01-18,2026-09-30,987,349,638
LINKUSDT,B,14,250054638.13275,2020-01-17,2026-09-30,2449,1811,638
ENAUSDT,B,15,232403353.78055,2024-04-02,2026-09-30,912,274,638
AVAXUSDT,A,16,229606721.8525,2020-09-23,2026-09-30,2199,1561,638
LTCUSDT,B,17,202879909.470335,2020-01-09,2026-09-30,2452,1814,638
WLDUSDT,A,18,192500658.647,2023-07-24,2026-09-30,1165,527,638
FARTCOINUSDT,B,19,181821627.114745,2024-12-20,2026-09-30,650,12,638
DOTUSDT,A,20,160954922.3108,2020-08-22,2026-09-30,2231,1593,638
1000SHIBUSDT,A,21,154062536.69759452,2021-05-10,2026-09-30,1970,1332,638
FTMUSDT,B,22,153205756.7709,2020-09-24,2025-01-06,1561,1555,6
FILUSDT,B,23,138601688.5194,2020-10-16,2026-09-30,2171,1533,638
BCHUSDT,A,24,133823528.34972,2020-01-01,2026-09-30,2465,1827,638
NEARUSDT,A,25,133674455.242,2020-10-15,2026-09-30,2172,1534,638
TRUMPUSDT,B,26,133196203.99112,2025-01-18,2026-09-30,621,0,621
ARBUSDT,A,27,125389631.411355,2023-03-23,2026-09-30,1288,650,638
OPUSDT,B,28,122995029.82388,2022-06-01,2026-09-30,1583,945,638
PONSUSDT,B,29,113330842.9149,2026-09-06,2026-09-30,25,0,25
TAOUSDT,A,30,113194522.59809,2024-04-11,2026-09-30,903,265,638
PUMPUSDT,B,31,112961044.003562,2025-04-12,2026-09-30,511,0,511
EOSUSDT,A,32,111864869.0237,2020-01-08,2025-05-21,1961,1820,141
TIAUSDT,A,33,109981853.10235,2023-10-31,2026-09-30,1066,428,638
牛来USDT,B,34,108256464.08278,2026-08-30,2026-09-30,32,0,32
APTUSDT,A,35,108153499.23287,2022-10-19,2026-09-30,1443,805,638
AAVEUSDT,B,36,105935970.058,2020-10-16,2026-09-30,2176,1538,638
MARSCOINUSDT,B,37,103636349.177155,2026-09-01,2026-09-30,30,0,30
ONDOUSDT,A,38,101417389.8312,2024-01-20,2026-09-30,985,347,638
ETCUSDT,B,39,100316068.00069,2020-01-16,2026-09-30,2450,1812,638
1000BONKUSDT,A,40,96062045.108203,2023-11-22,2026-09-30,1044,406,638
ASTERUSDT,A,41,94906101.1475,2025-09-19,2026-09-30,377,0,377
CRVUSDT,B,42,94486713.449,2020-09-01,2026-09-30,2221,1583,638
UNIUSDT,A,43,93374978.3658,2020-09-18,2026-09-30,2204,1566,638
RNDRUSDT,B,44,90008883.27627501,2023-02-03,2024-07-16,530,530,0
GALAUSDT,A,45,87371806.96834,2021-09-18,2026-09-30,1839,1201,638
ORDIUSDT,B,46,87317013.1035,2023-11-07,2026-09-30,1059,421,638
PENGUUSDT,B,47,80430970.027537,2024-12-17,2026-09-30,653,15,638
INJUSDT,A,48,80410940.99614999,2022-08-17,2026-09-30,1506,868,638
FETUSDT,A,49,73227974.8171,2023-01-17,2026-09-30,1353,715,638
APEUSDT,B,50,71302433.2554,2022-03-17,2026-09-30,1659,1021,638
DYDXUSDT,B,51,69018817.038,2021-09-10,2026-09-30,1847,1209,638
MUUUSDT,A,52,68887951.9638,2026-07-16,2026-09-30,77,0,77
TONUSDT,A,53,68595579.34822,2024-03-01,2026-06-23,845,306,539
BTTUSDT,B,54,67325605.361265,2021-04-06,2022-01-14,284,284,0
TRXUSDT,B,55,67119435.94929999,2020-01-15,2026-09-30,2446,1808,638
ATOMUSDT,A,56,64278134.030525,2020-02-07,2026-09-30,2428,1790,638
VIRTUALUSDT,B,57,61653808.4691,2024-12-10,2026-09-30,660,22,638
BTWUSDT,A,58,60641891.204407,2026-06-04,2026-09-30,119,0,119
XPLUSDT,A,59,60009368.7094,2025-08-22,2026-09-30,405,0,405
SEIUSDT,B,60,59239188.5185,2023-08-17,2026-09-30,1141,503,638
LDOUSDT,B,61,59007711.5533,2022-09-22,2026-09-30,1470,832,638
AI16ZUSDT,A,62,58705760.5829,2025-01-02,2025-11-06,309,0,309
SANDUSDT,B,63,57742577.57149,2021-01-25,2026-09-30,2070,1432,638
COCOSUSDT,A,64,57698338.7066,2023-02-21,2023-05-25,94,94,0
ETHFIUSDT,B,65,55184001.04885,2024-03-18,2026-09-30,927,289,638
WLFIUSDT,A,66,52248131.724525005,2025-08-23,2026-09-30,404,0,404
WAVESUSDT,B,67,51262542.45534,2020-08-12,2024-06-11,1395,1395,0
XLMUSDT,A,68,49414975.40957,2020-01-20,2026-09-30,2441,1803,638
AXSUSDT,A,69,48734876.028,2020-11-20,2026-09-30,2141,1503,638
DODOUSDT,B,70,48734385.2407,2021-02-19,2022-05-27,463,463,0
OMUSDT,A,71,46063818.8914065,2024-02-13,2026-02-23,742,323,419
AGIXUSDT,B,72,44949240.057050005,2023-02-16,2024-06-25,496,496,0
GMTUSDT,B,73,44403265.4405,2022-03-15,2026-09-30,1659,1021,638
RUNEUSDT,A,74,43508413.838,2020-09-04,2026-09-30,2218,1580,638
BEATUSDT,A,75,42463539.72056,2025-11-12,2026-09-30,323,0,323
JUPUSDT,B,76,42025975.412200004,2024-01-31,2026-09-30,974,336,638
NEIROUSDT,B,77,41162624.2042459,2024-09-16,2026-09-30,745,107,638
RIVERUSDT,A,78,40921738.8363,2025-10-17,2026-09-30,349,0,349
ICPUSDT,A,79,40892686.1904,2021-05-11,2026-09-30,1861,1223,638
CHZUSDT,B,80,40403368.49288,2021-01-21,2026-09-30,2079,1441,638
MKRUSDT,B,81,39813896.837249994,2020-08-13,2025-09-08,1848,1597,251
PNUTUSDT,A,82,39783123.44294,2024-11-11,2026-09-30,689,51,638
1000SATSUSDT,A,83,38889061.00650385,2023-12-12,2026-09-30,1024,386,638
POPCATUSDT,B,84,37933093.4786,2024-08-22,2026-09-30,770,132,638
SUSHIUSDT,A,85,37916964.928,2020-09-04,2026-09-30,2213,1575,638
EIGENUSDT,B,86,37838785.085765,2024-10-01,2026-09-30,730,92,638
STXUSDT,A,87,37457323.94945,2023-02-21,2026-09-30,1318,680,638
ANCUSDT,B,88,37105028.469,2022-03-08,2022-05-13,67,67,0
ALGOUSDT,B,89,36944799.18508,2020-06-16,2026-09-30,2298,1660,638
PEOPLEUSDT,A,90,36532866.73566,2021-12-24,2026-09-30,1737,1099,638
PENDLEUSDT,A,91,35654715.4242,2023-07-28,2026-09-30,1161,523,638
KEEPUSDT,B,92,35633852.5529,2021-06-22,2022-02-15,239,239,0
JTOUSDT,B,93,35629953.677149996,2023-12-08,2026-09-30,1028,390,638
BZRXUSDT,A,94,35401009.5341,2020-09-05,2021-12-19,471,471,0
ZECUSDT,A,95,35359228.50931,2020-02-05,2026-09-30,2425,1787,638
TROYUSDT,B,96,35242616.4543185,2024-10-31,2025-04-14,166,62,104
BOMEUSDT,B,97,34838260.112834,2024-03-16,2026-09-30,929,291,638
RENDERUSDT,A,98,34198372.8614,2024-07-26,2026-09-30,797,159,638
HBARUSDT,B,99,33789118.5529,2021-03-17,2026-09-30,2019,1381,638
MANAUSDT,A,100,33463237.065,2021-03-15,2026-09-30,2021,1383,638
CFXUSDT,B,101,33435298.2784,2023-02-20,2026-09-30,1319,681,638
STRAXUSDT,A,102,33088195.3241,2023-10-11,2024-03-15,157,157,0
SRMUSDT,A,103,32385397.297,2020-09-05,2022-11-15,802,802,0
GRTUSDT,B,104,32374156.02319,2020-12-19,2026-09-30,2107,1469,638
LENDUSDT,B,105,31760180.83926,2020-07-23,2020-10-09,79,79,0
1000FLOKIUSDT,A,106,31461510.095245,2023-05-06,2026-09-30,1244,606,638
MASKUSDT,B,107,30658185.74725,2021-08-27,2026-09-30,1856,1218,638
ENSUSDT,A,108,30404116.88575,2021-11-30,2026-09-30,1766,1128,638
XMRUSDT,A,109,30104830.370674998,2020-02-03,2026-09-30,2432,1794,638
UNFIUSDT,B,110,30076281.2933,2021-02-19,2024-10-30,1345,1345,0
YFIIUSDT,B,111,30044958.02015,2020-09-03,2022-04-12,582,582,0
ZROUSDT,A,112,29640652.34341,2024-06-20,2026-09-30,833,195,638
NEIROETHUSDT,B,113,29145466.76141,2024-09-06,2025-09-26,386,117,269
LINAUSDT,A,114,29011174.09395,2021-03-19,2025-03-27,1465,1379,86
THETAUSDT,B,115,28811043.15247,2020-05-27,2026-09-30,2318,1680,638
OCEANUSDT,A,116,28299647.299225,2020-11-03,2024-06-25,1326,1326,0
TRBUSDT,B,117,28274154.828500003,2020-09-03,2026-09-30,2214,1576,638
IPUSDT,A,118,27200072.230927,2025-02-13,2026-06-28,501,0,501
币安人生USDT,A,119,26601712.6908,2025-10-20,2026-09-30,346,0,346
HNTUSDT,B,120,26324973.511,2020-09-28,2023-03-20,904,904,0
SNXUSDT,B,121,26293033.0932,2020-08-14,2026-09-30,2239,1601,638
TURBOUSDT,A,122,25615580.829465598,2024-05-30,2026-09-30,854,216,638
AKROUSDT,A,123,25578104.889655,2021-01-19,2022-05-27,494,494,0
SXPUSDT,B,124,25344839.908505,2020-07-21,2025-12-05,1964,1625,339
UXLINKUSDT,B,125,25060399.65,2024-09-15,2025-09-26,377,108,269
FRONTUSDT,A,126,24973250.639,2023-09-22,2024-08-23,337,337,0
BAKEUSDT,A,127,24829099.9236,2021-05-19,2025-10-03,1599,1323,276
COMPUSDT,B,128,24709515.955385,2020-06-30,2026-09-30,2284,1646,638
VETUSDT,A,129,24611275.502196,2020-02-14,2026-09-30,2416,1778,638
SPXUSDT,B,130,24555160.9625,2024-12-10,2026-09-30,660,22,638
1000LUNCUSDT,B,131,24552438.0224,2022-09-09,2026-09-30,1483,845,638
STRKUSDT,A,132,24511989.92581,2024-02-20,2026-09-30,954,316,638
XTZUSDT,B,133,24174921.7676,2020-02-06,2026-09-30,2429,1791,638
TOMOUSDT,A,134,24134680.0525,2020-10-12,2023-11-14,1129,1129,0
POLUSDT,A,135,24019241.09605,2024-09-13,2026-09-30,748,110,638
LITUSDT,B,136,23898348.1559,2021-02-18,2026-09-30,1721,1408,313
BNXUSDT,A,137,23647124.98759,2022-04-01,2025-03-17,1056,980,76
JASMYUSDT,B,138,23582307.698419,2022-04-20,2026-09-30,1625,987,638
ARUSDT,A,139,23577014.1889,2021-09-28,2026-09-30,1829,1191,638
ARKMUSDT,B,140,23407562.9635,2023-07-28,2026-09-30,1161,523,638
MEMEUSDT,A,141,22754501.491209,2023-11-03,2026-09-30,1063,425,638
KAITOUSDT,B,142,22748330.223015003,2025-02-20,2026-09-30,588,0,588
NEOUSDT,B,143,21933088.358755,2020-02-17,2026-09-30,2418,1780,638
HUSDT,A,144,21794762.00111,2025-06-25,2026-09-30,463,0,463
PYTHUSDT,B,145,21742479.117065,2023-11-22,2026-09-30,1044,406,638
KAVAUSDT,A,146,21578555.25085,2020-07-28,2026-09-30,2256,1618,638
YFIUSDT,B,147,21530689.056,2020-08-31,2026-09-30,2217,1579,638
NUUSDT,A,148,21473713.436905,2021-10-21,2022-02-15,118,118,0
REUSDT,A,149,21471629.8101,2026-06-18,2026-09-30,105,0,105
CELOUSDT,B,150,21417083.57785,2021-09-27,2026-09-30,1830,1192,638
GIGGLEUSDT,A,151,21268539.5651,2025-10-09,2026-09-30,357,0,357
REEFUSDT,B,152,21232282.133333,2021-02-22,2025-01-22,1431,1409,22
OMGUSDT,B,153,21142067.47631,2020-07-02,2025-01-31,1670,1639,31
1INCHUSDT,A,154,20934696.80745,2020-12-25,2026-09-30,2106,1468,638
AUDIOUSDT,A,155,20643804.03455,2021-08-19,2024-05-16,1002,1002,0
BERAUSDT,B,156,20474706.174995,2025-02-06,2026-09-30,602,0,602
EGLDUSDT,B,157,20393000.2235,2020-09-14,2026-09-30,2208,1570,638
MOODENGUSDT,A,158,20250214.10834,2024-10-25,2026-09-30,706,68,638
IMXUSDT,A,159,20042459.1578,2022-02-11,2026-09-30,1688,1050,638
GALUSDT,B,160,19915555.9562,2022-05-05,2024-07-11,799,799,0
XEMUSDT,A,161,19759590.9844,2021-03-03,2024-12-09,1373,1373,0
RENUSDT,B,162,19666665.17111,2020-10-13,2024-12-03,1513,1513,0
SCUSDT,B,163,19626549.2946715,2021-04-12,2022-06-17,432,432,0
STMXUSDT,A,164,19113704.16355,2021-03-22,2025-02-21,1433,1381,52
LABUSDT,A,165,19065406.55679,2025-10-17,2026-09-30,349,0,349
RSRUSDT,B,166,18892410.7641925,2020-10-19,2026-09-30,2168,1530,638
BLZUSDT,B,167,18807109.61643,2020-09-17,2024-12-23,1559,1559,0
WUSDT,A,168,18474952.903889,2024-04-03,2026-09-30,911,273,638
DASHUSDT,B,169,18413964.22624,2020-02-04,2026-09-30,2431,1793,638
FLOWUSDT,A,170,18160714.4954,2022-02-10,2026-09-30,1689,1051,638
CAKEUSDT,A,171,17797169.64775,2023-11-02,2026-09-30,1064,426,638
RAYUSDT,B,172,17683086.9421,2021-08-20,2022-11-15,453,453,0
ALPHAUSDT,A,173,17454037.394950002,2020-11-23,2025-09-23,1766,1500,266
NOTUSDT,B,174,17371695.556881502,2024-05-16,2026-09-30,868,230,638
AIXBTUSDT,A,175,17104671.589110002,2024-12-20,2026-09-30,650,12,638
STORJUSDT,B,176,16998378.8415,2020-09-16,2026-08-26,2166,1563,603
DOTECOUSDT,B,177,16878776.884,2021-01-20,2021-02-19,31,31,0
OMNIUSDT,A,178,16850924.769845,2024-04-17,2025-09-22,524,259,265
LOOMUSDT,B,179,16830823.622539997,2023-10-11,2024-12-09,426,426,0
BIOUSDT,A,180,16690879.496665,2025-01-03,2026-09-30,636,0,636
VIDTUSDT,B,181,16658650.50629,2024-08-23,2025-04-14,235,131,104
MONUSDT,A,182,16647581.47163,2025-10-10,2026-09-30,356,0,356
CHIPUSDT,A,183,16606328.183895,2026-04-16,2026-09-30,168,0,168
ZILUSDT,B,184,16593618.0853,2020-06-18,2026-09-30,2291,1653,638
ZENUSDT,B,185,16558014.1069,2020-11-24,2026-09-30,2132,1494,638
MYXUSDT,A,186,16539059.006524999,2025-06-18,2026-09-30,470,0,470
ENJUSDT,B,187,16369621.5504,2020-09-29,2026-09-30,2193,1555,638
SUSDT,A,188,16361061.5775,2025-01-16,2026-09-30,623,0,623
ROSEUSDT,B,189,15614391.118870001,2021-12-31,2026-09-30,1730,1092,638
FTTUSDT,A,190,15459752.98975,2022-04-15,2022-11-14,214,214,0
BSBUSDT,A,191,15431285.41557,2026-03-25,2026-09-30,190,0,190
SAGAUSDT,B,192,15398707.88618,2024-04-09,2026-09-30,905,267,638
ZKUSDT,B,193,15100599.20156,2024-06-17,2026-09-30,836,198,638
BTSUSDT,A,194,14970493.313664999,2021-02-01,2022-08-18,564,564,0
BLURUSDT,B,195,14746606.87685,2023-04-28,2026-09-30,1252,614,638
BIGTIMEUSDT,A,196,14735085.68078,2023-10-12,2026-09-30,1085,447,638
1000RATSUSDT,A,197,14734257.1444,2023-12-15,2026-09-30,1021,383,638
KASUSDT,B,198,14665666.44865,2023-11-17,2026-09-30,1049,411,638
BELUSDT,A,199,14643744.8818,2020-11-18,2026-09-30,2143,1505,638
BTCSTUSDT,B,200,14566511.9767,2021-03-04,2021-03-12,9,9,0
IOUSDT,A,201,14551947.58733,2024-06-11,2026-09-30,842,204,638
USELESSUSDT,B,202,14458404.37225,2025-08-15,2026-09-30,412,0,412
CAPUSDT,B,203,14323104.53227,2026-06-27,2026-09-30,96,0,96
FLMUSDT,A,204,14249761.4987,2020-09-29,2025-11-21,1875,1550,325
MAGICUSDT,B,205,14219286.36824,2023-01-25,2026-09-30,1345,707,638
PIPPINUSDT,A,206,14197229.99735,2025-01-24,2026-09-30,615,0,615
BANDUSDT,B,207,14066022.03747,2020-07-29,2026-09-30,2255,1617,638
MTLUSDT,A,208,13901438.80945,2021-03-31,2026-09-30,2010,1372,638
BONDUSDT,B,209,13893433.2789,2023-10-15,2024-12-16,429,429,0
BASEDUSDT,A,210,13879792.92982,2026-03-30,2026-09-30,185,0,185
COTIUSDT,B,211,13811097.63613,2021-03-10,2026-09-30,2031,1393,638
HIFIUSDT,A,212,13718486.4477,2023-09-16,2025-10-03,749,473,276
LPTUSDT,B,213,13639837.4856,2021-11-11,2026-09-30,1785,1147,638
KSMUSDT,A,214,13634940.616,2020-10-14,2026-09-30,2173,1535,638
C98USDT,B,215,13571517.0196,2021-08-24,2026-09-30,1864,1226,638
ALICEUSDT,A,216,13463602.15,2021-03-16,2026-09-30,2025,1387,638
RLCUSDT,A,217,13392924.251805,2020-07-31,2026-09-30,2248,1610,638
KNCUSDT,B,218,13325560.011,2020-06-22,2026-09-30,2287,1649,638
ANKRUSDT,A,219,13270252.532505,2021-01-26,2026-09-30,2074,1436,638
KLAYUSDT,B,220,13245904.01544,2021-10-12,2024-10-22,1107,1107,0
ARCUSDT,B,221,13230242.319504999,2025-01-17,2026-09-30,622,0,622
LRCUSDT,A,222,13181674.3497,2020-10-19,2026-03-24,1978,1530,448
KITEUSDT,B,223,12974674.78408,2025-10-29,2026-09-30,337,0,337
MYROUSDT,A,224,12972717.665860001,2024-03-05,2025-11-14,620,302,318
AIUSDT,A,225,12970529.44238,2024-01-08,2026-04-28,842,359,483
ANTUSDT,B,226,12950185.5708,2021-12-27,2024-04-01,827,827,0
GRASSUSDT,A,227,12924798.7214,2024-11-08,2026-09-30,692,54,638
LUNA2USDT,B,228,12917271.404849999,2022-09-10,2026-09-30,1482,844,638
CHRUSDT,A,229,12901236.7284,2021-03-12,2026-09-30,2029,1391,638
SSVUSDT,B,230,12826796.76714,2023-02-24,2026-09-30,1315,677,638
XAIUSDT,A,231,12660249.084945,2024-01-09,2026-09-30,996,358,638
ZRXUSDT,B,232,12581601.085575,2020-06-24,2026-09-30,2290,1652,638
ALTUSDT,B,233,12428648.62883,2024-01-25,2026-09-30,980,342,638
ONTUSDT,A,234,12422354.560054999,2020-02-11,2026-09-30,2424,1786,638
IOTAUSDT,A,235,12371987.547115,2020-02-12,2026-09-30,2418,1780,638
SLXUSDT,B,236,12298880.886545,2026-06-01,2026-09-30,122,0,122
VVVUSDT,B,237,12293892.014525,2025-01-29,2026-09-30,610,0,610
RAYSOLUSDT,A,238,12173094.385595001,2024-12-10,2026-09-30,660,22,638
ONEUSDT,A,239,12133256.97409,2021-03-18,2026-09-30,2018,1380,638
YGGUSDT,B,240,12064437.2203,2023-08-05,2026-09-30,1153,515,638
VINEUSDT,A,241,11998042.524945,2025-01-24,2026-04-28,460,0,460
0GUSDT,B,242,11979020.6153,2025-09-17,2026-09-30,379,0,379
MOVEUSDT,A,243,11923609.8163,2024-12-09,2026-09-30,661,23,638
EDGEUSDT,B,244,11868777.949749999,2026-03-19,2026-09-30,196,0,196
MINAUSDT,A,245,11856879.9388,2023-02-07,2026-09-30,1332,694,638
MANTAUSDT,B,246,11806543.65713,2024-01-18,2026-09-30,987,349,638
GOATUSDT,A,247,11795271.01505,2024-10-24,2026-09-30,707,69,638
BALUSDT,B,248,11775673.9871,2020-09-01,2025-04-14,1687,1583,104
AEROUSDT,B,249,11691957.464775,2024-12-04,2026-09-30,666,28,638
GRAMUSDT,A,250,11590132.2136,2026-07-02,2026-09-30,91,0,91
DOGSUSDT,A,251,11560193.1439262,2024-08-26,2026-09-30,766,128,638
OGNUSDT,B,252,11364422.4398,2021-04-01,2026-09-30,2004,1366,638
QTUMUSDT,B,253,11264302.2141,2020-02-20,2026-09-30,2415,1777,638
API3USDT,A,254,11109142.856145,2022-02-22,2026-09-30,1682,1044,638
ACHUSDT,A,255,11060388.99695,2023-02-22,2026-09-30,1317,679,638
BBUSDT,B,256,11056637.73562,2024-05-13,2026-09-30,871,233,638
RDNTUSDT,B,257,11053660.59734,2023-04-05,2026-03-24,1085,637,448
MDTUSDT,A,258,11008558.199730001,2023-06-30,2024-05-16,322,322,0
HIGHUSDT,B,259,10845964.9605,2023-02-07,2026-06-11,1221,694,527
HOOKUSDT,A,260,10829889.52438,2023-01-23,2026-03-24,1157,709,448
REZUSDT,B,261,10822896.997200001,2024-04-30,2026-09-30,884,246,638
GTCUSDT,A,262,10755506.7934,2021-06-11,2026-09-30,1933,1295,638
HOTUSDT,B,263,10696389.5459195,2021-03-30,2026-09-30,2006,1368,638
SAHARAUSDT,A,264,10617314.639285,2025-06-26,2026-09-30,462,0,462
LEVERUSDT,B,265,10526105.0045676,2023-03-30,2025-09-03,889,643,246
SKLUSDT,A,266,10488455.856970001,2020-12-08,2026-09-30,2118,1480,638
AUCTIONUSDT,A,267,10466260.28901,2023-12-15,2026-09-30,1021,383,638
WOOUSDT,B,268,10372027.36849,2022-04-08,2026-09-30,1637,999,638
ALLOUSDT,A,269,10286706.848305,2025-11-11,2026-09-30,324,0,324
SYRUPUSDT,B,270,10260182.41502,2025-05-07,2026-09-30,512,0,512
DARUSDT,A,271,10255309.24372,2022-04-29,2024-12-26,973,973,0
CVCUSDT,B,272,10227267.438620001,2020-11-11,2026-09-30,1252,749,503
IDUSDT,B,273,10217624.489075001,2023-03-23,2026-09-30,1288,650,638
AMBUSDT,A,274,10197082.17815,2023-03-30,2025-02-21,695,643,52
BEAMXUSDT,B,275,10194038.21395,2023-11-17,2026-09-30,1049,411,638
RAVEUSDT,A,276,10132662.97949,2025-12-14,2026-09-30,291,0,291
ALPACAUSDT,B,277,10040566.87943,2024-08-22,2025-04-30,252,132,120
BATUSDT,A,278,10019962.763135001,2020-02-13,2026-09-30,2422,1784,638
FXSUSDT,A,279,9985007.5146,2023-01-20,2026-01-06,1083,712,371
BRETTUSDT,B,280,9914362.023126502,2024-08-20,2026-09-30,772,134,638
DENTUSDT,B,281,9864332.387747,2021-03-24,2026-04-21,1855,1379,476
NKNUSDT,A,282,9827870.47879,2021-04-09,2026-02-06,1765,1363,402
ZAMAUSDT,B,283,9736605.40694,2026-01-09,2026-09-30,265,0,265
PIXELUSDT,A,284,9612377.7684,2024-02-19,2026-09-30,955,317,638
CLOUSDT,A,285,9528382.015415,2025-10-14,2026-09-30,352,0,352
GLMRUSDT,B,286,9511096.5556,2023-09-26,2024-05-15,233,233,0
TRIAUSDT,A,287,9464338.71867,2026-02-06,2026-09-30,237,0,237
TOKENUSDT,B,288,9437785.889789999,2023-11-03,2025-12-05,764,425,339
PHBUSDT,A,289,9409026.421,2023-02-16,2026-05-19,1189,685,504
RVNUSDT,B,290,9396799.10846,2021-02-23,2026-09-30,2041,1403,638
KEYUSDT,A,291,9296153.1031245,2023-05-24,2024-12-03,560,560,0
SUPERUSDT,B,292,9272505.2501,2023-11-26,2026-09-30,1040,402,638
GRVTUSDT,A,293,9270185.13905,2026-07-31,2026-09-30,62,0,62
STGUSDT,B,294,9226849.8052,2022-08-25,2026-09-24,1492,860,632
ICXUSDT,B,295,9133378.0475,2020-09-15,2026-08-26,2172,1569,603
ORBSUSDT,A,296,9117689.75806,2023-10-17,2024-12-09,420,420,0
ACTUSDT,B,297,9111233.49903,2024-11-11,2026-09-30,689,51,638
RESOLVUSDT,A,298,9073122.972205,2025-06-10,2026-09-30,478,0,478
CELRUSDT,A,299,9028095.18636,2021-03-29,2026-09-30,2012,1374,638
MUSDT,B,300,8998696.6656,2025-07-07,2026-09-30,451,0,451
AVNTUSDT,B,301,8974269.4312,2025-09-09,2026-09-30,387,0,387
SFPUSDT,A,302,8947732.5727,2021-02-24,2026-09-30,2045,1407,638
LAUSDT,B,303,8826502.50527,2025-06-05,2026-09-30,483,0,483
DEXEUSDT,A,304,8822908.61263,2024-12-24,2026-09-30,646,8,638
CYSUSDT,B,305,8796119.7205,2025-12-12,2026-09-30,293,0,293
RADUSDT,A,306,8668412.737,2023-05-10,2024-05-14,371,371,0
DUSKUSDT,A,307,8626576.657249998,2022-01-07,2026-09-30,1728,1090,638
USUALUSDT,B,308,8626384.405225001,2024-12-18,2026-09-30,652,14,638
LQTYUSDT,B,309,8621718.58554,2023-03-10,2026-09-30,1301,663,638
IOSTUSDT,A,310,8618250.8346395,2020-02-21,2026-09-30,2414,1776,638
ATAUSDT,B,311,8564795.8013,2021-08-31,2026-05-19,1723,1219,504
ARPAUSDT,A,312,8515582.792215,2021-10-19,2026-09-30,1808,1170,638
VANRYUSDT,B,313,8500898.849365,2024-03-13,2026-08-07,878,294,584
GWEIUSDT,A,314,8462796.11663,2026-01-29,2026-09-30,245,0,245
MORPHOUSDT,B,315,8447368.75591,2024-11-27,2026-09-30,673,35,638
PORTALUSDT,A,316,8349472.061311,2024-02-29,2026-09-30,945,307,638
TRUUSDT,A,317,8343454.690230001,2023-03-07,2026-04-21,1142,666,476
IOTXUSDT,B,318,8341331.101515001,2021-08-12,2026-09-30,1876,1238,638
DGBUSDT,A,319,8311691.22948,2021-04-21,2024-04-01,1077,1077,0
ACEUSDT,B,320,8261106.4249315,2023-12-18,2026-09-30,1018,380,638
ROBOUSDT,B,321,8229305.80074,2026-02-27,2026-09-30,216,0,216
DYMUSDT,A,322,8220034.38426,2024-02-07,2026-09-30,967,329,638
HUMAUSDT,A,323,8214767.562608,2025-05-26,2026-09-30,493,0,493
UBUSDT,B,324,8209689.6906550005,2025-09-12,2026-09-30,384,0,384
MUBARAKUSDT,A,325,8207019.15227,2025-03-17,2026-09-30,563,0,563
FFUSDT,B,326,8181559.8904,2025-09-29,2026-09-30,367,0,367
AEVOUSDT,B,327,8169514.3182810005,2024-03-13,2026-09-30,932,294,638
RVVUSDT,A,328,8152934.777719,2025-10-18,2026-02-10,116,0,116
4USDT,B,329,8039814.010768499,2025-10-08,2026-09-30,358,0,358
EDUUSDT,A,330,7940498.786149999,2023-04-30,2026-09-30,1250,612,638
LISTAUSDT,B,331,7908802.6955,2024-06-20,2026-09-30,833,195,638
BANANAS31USDT,A,332,7903826.5587140005,2025-03-22,2026-09-30,558,0,558
CYBERUSDT,B,333,7888437.9427,2023-08-21,2026-09-30,1137,499,638
QNTUSDT,A,334,7871085.237,2022-10-20,2026-09-30,1442,804,638
AXLUSDT,A,335,7732518.159595,2024-03-01,2026-09-30,944,306,638
CTSIUSDT,B,336,7714808.9807,2021-10-26,2026-09-30,1801,1163,638
MEWUSDT,A,337,7707929.615459,2024-06-17,2026-09-30,836,198,638
ZEREBROUSDT,B,338,7706040.653,2025-01-02,2026-09-30,637,0,637
JELLYJELLYUSDT,A,339,7601290.2347800005,2025-03-26,2026-09-30,554,0,554
OPGUSDT,B,340,7538316.508099999,2026-04-22,2026-09-30,162,0,162
PIEVERSEUSDT,A,341,7490818.433,2025-11-14,2026-09-30,321,0,321
UAIUSDT,B,342,7479294.0238,2025-11-06,2026-09-30,329,0,329
CTKUSDT,A,343,7447328.0926,2020-11-19,2026-09-30,1749,1230,519
BILLUSDT,B,344,7445445.51757,2026-05-07,2026-09-30,147,0,147
1MBABYDOGEUSDT,A,345,7418840.2797159,2024-09-16,2026-09-30,745,107,638
SOONUSDT,B,346,7384651.86605,2025-05-23,2026-09-30,496,0,496
SNTUSDT,B,347,7382291.466285,2023-11-02,2024-05-13,194,194,0
PLUMEUSDT,A,348,7336358.97087,2025-03-21,2026-09-30,559,0,559
HIPPOUSDT,A,349,7313032.3199445,2024-11-13,2026-04-08,512,49,463
ZBTUSDT,B,350,7279942.12995,2025-10-17,2026-09-30,349,0,349
CCUSDT,B,351,7253531.49554,2025-10-31,2026-09-30,335,0,335
ENSOUSDT,A,352,7202360.022015,2025-10-14,2026-09-30,352,0,352
TNSRUSDT,A,353,7178199.39133,2024-04-08,2026-09-30,906,268,638
PARTIUSDT,B,354,7167567.6952,2025-03-25,2026-09-30,555,0,555
BADGERUSDT,A,355,7123046.3373,2023-11-09,2025-04-14,523,419,104
LAYERUSDT,B,356,7114101.7036,2025-02-11,2026-09-30,597,0,597
1000BTTCUSDT,A,357,7059857.664937,2022-01-26,2022-04-11,76,76,0
GMXUSDT,B,358,7038495.4374400005,2023-02-17,2026-09-30,1322,684,638
FORMUSDT,B,359,6944657.45353,2025-03-19,2026-09-30,561,0,561
SWARMSUSDT,A,360,6910730.497715,2025-01-07,2026-09-30,632,0,632
OPNUSDT,A,361,6864942.66065,2026-02-21,2026-09-30,222,0,222
ARKUSDT,B,362,6826597.177850001,2023-09-19,2026-09-30,1108,470,638
哈基米USDT,B,363,6819619.36087,2026-09-06,2026-09-30,25,0,25
LINEAUSDT,A,364,6808257.195642,2025-09-01,2026-09-30,395,0,395
UMAUSDT,A,365,6801791.5975,2023-05-10,2026-09-30,1240,602,638
CHILLGUYUSDT,B,366,6698566.65788,2024-11-27,2026-09-30,673,35,638
FUNUSDT,B,367,6693312.87518,2025-03-31,2026-04-15,381,0,381
NFPUSDT,A,368,6689230.0332,2023-12-27,2026-07-02,919,371,548
MAVUSDT,A,369,6638727.694515,2023-06-29,2026-09-30,1190,552,638
BASUSDT,B,370,6625493.443807,2025-08-26,2026-09-30,401,0,401
1000000MOGUSDT,B,371,6597756.68007,2024-11-07,2026-09-30,693,55,638
GASUSDT,A,372,6588733.070049999,2023-10-25,2026-09-30,1072,434,638
LYNUSDT,B,373,6575802.996309999,2025-10-06,2026-09-30,360,0,360
MELANIAUSDT,A,374,6569933.780071,2025-01-20,2026-09-30,619,0,619
GRIFFAINUSDT,B,375,6554234.95283,2025-01-02,2026-09-30,637,0,637
METUSDT,A,376,6541864.7692,2025-10-11,2026-09-30,355,0,355
POWERUSDT,B,377,6477999.82849,2025-12-06,2026-09-30,299,0,299
1000XECUSDT,A,378,6475889.04973,2021-09-17,2026-09-30,1840,1202,638
STABLEUSDT,B,379,6466911.218192,2025-11-06,2026-09-30,329,0,329
BANANAUSDT,A,380,6450670.9997,2024-08-15,2026-09-30,777,139,638
TRADOORUSDT,A,381,6355358.9019,2025-09-19,2026-09-30,377,0,377
AIAUSDT,B,382,6354865.37573,2025-09-18,2026-09-30,339,0,339
MBLUSDT,A,383,6258163.967042999,2023-11-14,2024-05-13,182,182,0
HEMIUSDT,B,384,6233910.7347369995,2025-08-29,2026-09-30,398,0,398
COOKIEUSDT,A,385,6214971.7118999995,2025-01-07,2026-09-30,632,0,632
ALCHUSDT,B,386,6167995.006124999,2025-01-07,2026-09-30,632,0,632
FIDAUSDT,B,387,6162471.054745,2024-09-19,2026-09-30,742,104,638
ASTRUSDT,A,388,6161753.78627,2023-02-14,2026-09-30,1325,687,638
ZETAUSDT,B,389,6156927.609999999,2024-02-02,2026-09-30,972,334,638
POLYXUSDT,A,390,6156815.972944999,2023-10-25,2026-09-30,1072,434,638
MEUSDT,A,391,6126568.775155,2024-12-10,2026-09-30,660,22,638
CFGUSDT,B,392,6098172.7352,2026-03-16,2026-09-30,199,0,199
ARXUSDT,B,393,6053240.72515,2026-06-23,2026-09-30,100,0,100
IDEXUSDT,A,394,6032834.43117,2023-05-03,2024-05-15,379,379,0
NIGHTUSDT,B,395,6021221.00913,2025-12-10,2026-09-30,295,0,295
ORCAUSDT,A,396,6020500.88545,2024-12-06,2026-09-30,664,26,638
BSWUSDT,A,397,5999431.4321800005,2024-09-05,2025-09-15,376,118,258
龙虾USDT,B,398,5982290.465903,2026-03-11,2026-09-30,204,0,204
AGLDUSDT,A,399,5924433.9923,2023-07-29,2026-09-30,1160,522,638
MAGMAUSDT,B,400,5919452.643379999,2025-12-31,2026-09-30,274,0,274
WCTUSDT,A,401,5907272.60152,2025-04-15,2026-09-30,534,0,534
ANIMEUSDT,B,402,5902654.815932,2025-01-23,2026-09-30,616,0,616
COMBOUSDT,A,403,5876353.46092,2023-06-02,2025-03-27,665,579,86
TSTUSDT,B,404,5854389.364113,2025-02-09,2026-09-30,599,0,599
BARDUSDT,A,405,5850721.9829,2025-09-18,2026-09-30,378,0,378
MMTUSDT,B,406,5792529.784,2025-11-04,2026-09-30,331,0,331
DOSUSDT,B,407,5787554.5256,2026-08-11,2026-09-30,51,0,51
LIGHTUSDT,A,408,5778253.6899,2025-09-27,2026-09-30,369,0,369
HOMEUSDT,B,409,5760973.110588999,2025-06-10,2026-09-30,478,0,478
VOXELUSDT,A,410,5748986.6537999995,2024-08-20,2025-12-10,478,134,344
HMSTRUSDT,A,411,5746283.631056,2024-09-26,2026-09-30,735,97,638
THEUSDT,B,412,5740115.84656,2024-11-27,2026-09-30,673,35,638
KDAUSDT,B,413,5718732.6279,2024-09-18,2025-11-06,415,105,310
RAREUSDT,A,414,5715068.45889,2024-08-15,2026-09-30,777,139,638
BABYUSDT,A,415,5699305.356335,2025-04-05,2026-09-30,544,0,544
TUSDT,B,416,5679488.8667750005,2023-02-01,2026-09-30,1338,700,638
SKYAIUSDT,B,417,5675796.032635,2025-05-13,2026-09-30,506,0,506
PERPUSDT,A,418,5616629.72638,2023-03-06,2025-11-21,992,667,325
SKYUSDT,B,419,5580925.45763,2025-09-09,2026-09-30,387,0,387
SPELLUSDT,A,420,5568952.5109063,2022-09-06,2026-09-30,1486,848,638
STPTUSDT,B,421,5568370.20479,2023-10-18,2024-05-13,209,209,0
NILUSDT,A,422,5534791.481365001,2025-03-24,2026-09-30,556,0,556
GLMUSDT,B,423,5531778.177990001,2024-02-22,2026-09-30,952,314,638
SIRENUSDT,A,424,5521269.577245001,2025-03-22,2026-09-30,558,0,558
TUTUSDT,A,425,5507179.00216,2025-03-20,2026-09-30,560,0,560
XVGUSDT,B,426,5487008.3899945,2023-07-05,2026-09-30,1184,546,638
YALAUSDT,B,427,5482237.49278,2025-08-07,2026-02-10,188,0,188
PTBUSDT,A,428,5457240.1453672,2025-09-03,2026-09-30,393,0,393
MEMEFIUSDT,A,429,5454984.857908,2025-04-25,2025-08-11,109,0,109
GUNUSDT,B,430,5448387.59197,2025-03-31,2026-09-30,549,0,549
BLESSUSDT,A,431,5445068.397514,2025-09-23,2026-09-30,373,0,373
BANKUSDT,B,432,5429647.13041,2025-04-18,2026-09-30,531,0,531
CKBUSDT,B,433,5427324.939386,2023-02-28,2026-09-30,1311,673,638
ZORAUSDT,A,434,5417706.13627,2025-07-25,2026-09-30,433,0,433
SPKUSDT,A,435,5400979.45039,2025-06-17,2026-09-30,471,0,471
WALUSDT,B,436,5389515.96844,2025-03-27,2026-09-30,553,0,553
SKATEUSDT,B,437,5364121.83551,2025-06-09,2025-12-10,185,0,185
TLMUSDT,A,438,5339262.190897999,2021-07-16,2026-09-30,1610,972,638
AVAAIUSDT,B,439,5323654.366605001,2025-01-17,2026-09-30,622,0,622
AIGENSYNUSDT,A,440,5318365.17579,2026-04-29,2026-09-30,155,0,155
NMRUSDT,B,441,5315850.867,2023-06-22,2026-09-30,1197,559,638
MERLUSDT,A,442,5225865.09261,2025-05-29,2026-09-30,490,0,490
BUSDT,B,443,5216662.6819,2025-05-22,2026-09-30,497,0,497
KERNELUSDT,A,444,5202282.59254,2025-04-14,2026-09-30,535,0,535
GENIUSUSDT,B,445,5166121.88045,2026-04-16,2026-09-30,168,0,168
GPSUSDT,A,446,5160368.87571,2025-02-17,2026-09-30,591,0,591
PLAYUSDT,A,447,5143400.19836,2025-07-31,2026-09-30,427,0,427
ESPORTSUSDT,B,448,5127035.32227,2025-07-29,2026-09-30,429,0,429
XCNUSDT,B,449,5119533.2797,2025-04-11,2025-11-21,225,0,225
VANAUSDT,A,450,5060827.80834,2024-12-16,2026-09-30,654,16,638
HYPERUSDT,B,451,5040866.01176,2025-04-22,2026-09-30,527,0,527
APRUSDT,A,452,5016696.67964,2025-10-23,2026-09-30,343,0,343
EPICUSDT,A,453,4998687.80193,2025-03-13,2026-09-30,567,0,567
COLLECTUSDT,B,454,4997578.76489,2025-12-31,2026-09-30,274,0,274
BSVUSDT,A,455,4927698.424,2023-10-20,2026-09-30,1077,439,638
PORT3USDT,B,456,4859705.75301,2025-06-04,2025-11-23,173,0,173
OPENUSDT,B,457,4841415.8379,2025-09-08,2026-09-30,388,0,388
CETUSUSDT,A,458,4832983.925340001,2024-11-06,2026-09-30,694,56,638
CVXUSDT,B,459,4774265.4085,2022-09-22,2026-09-30,1036,601,435
EDENUSDT,A,460,4761976.74072,2025-09-30,2026-09-30,366,0,366
PONKEUSDT,B,461,4746769.056035001,2024-11-04,2025-11-28,390,58,332
1000CATUSDT,A,462,4743160.930461001,2024-10-21,2026-09-30,710,72,638
ESPUSDT,A,463,4726112.65558,2026-02-10,2026-09-30,233,0,233
OBOLUSDT,B,464,4718384.91874,2025-05-07,2025-12-05,213,0,213
STOUSDT,B,465,4710675.72962,2025-04-12,2026-09-30,537,0,537
SOLVUSDT,A,466,4705771.731985,2025-01-17,2026-09-30,622,0,622
INITUSDT,A,467,4692129.36903,2025-04-16,2026-09-30,533,0,533
HFTUSDT,B,468,4676911.0592,2023-04-06,2026-08-07,1220,636,584
SOMIUSDT,B,469,4675094.157749999,2025-08-25,2026-09-30,402,0,402
SENTUSDT,A,470,4641793.93741,2025-11-14,2026-09-30,321,0,321
COWUSDT,B,471,4629337.76575,2024-11-06,2026-09-30,694,56,638
FOLKSUSDT,A,472,4612680.5625,2025-11-06,2026-09-30,329,0,329
SYNUSDT,A,473,4611916.485955,2024-08-16,2026-09-30,776,138,638
DRIFTUSDT,B,474,4591885.9507,2024-11-08,2026-09-30,692,54,638
ILVUSDT,A,475,4576272.1095,2023-11-10,2026-09-30,1056,418,638
SWELLUSDT,B,476,4559635.799854999,2024-11-08,2025-11-28,386,54,332
ATHUSDT,A,477,4526873.695026,2025-04-02,2026-09-30,547,0,547
BROCCOLI714USDT,B,478,4496596.53217,2025-03-21,2026-09-30,559,0,559
CATIUSDT,B,479,4485823.0102,2024-09-20,2026-09-30,741,103,638
MOVRUSDT,A,480,4479988.271810001,2023-12-26,2026-09-30,1010,372,638
CHESSUSDT,A,481,4430421.6804,2024-08-29,2026-02-06,527,125,402
EVAAUSDT,B,482,4420464.523,2025-10-03,2026-09-30,363,0,363
SIGNUSDT,B,483,4412001.68993,2025-04-28,2026-09-30,521,0,521
KATUSDT,A,484,4389789.870409,2026-03-02,2026-09-30,213,0,213
PRLUSDT,A,485,4365515.3977,2026-04-01,2026-09-30,183,0,183
JOEUSDT,B,486,4347178.09839,2023-03-29,2026-09-30,1282,644,638
NULSUSDT,A,487,4333507.3649,2024-08-26,2025-04-14,232,128,104
NOMUSDT,B,488,4296526.637745,2025-10-01,2026-09-30,365,0,365
HOLOUSDT,B,489,4295434.2198,2025-09-11,2026-09-30,385,0,385
FHEUSDT,A,490,4272217.01873,2025-04-12,2026-09-30,537,0,537
AERGOUSDT,A,491,4232299.93354,2024-09-10,2026-06-30,640,113,527
REDUSDT,B,492,4216558.562,2025-03-06,2026-09-30,574,0,574
GUAUSDT,B,493,4215156.31654,2025-12-21,2026-09-30,284,0,284
TWTUSDT,A,494,4206662.3793,2023-11-03,2026-09-30,1063,425,638
EPTUSDT,A,495,4172672.691235,2025-04-21,2026-01-30,285,0,285
VELVETUSDT,B,496,4121136.19384,2025-07-15,2026-09-30,443,0,443
1000XUSDT,B,497,4112277.49526,2024-11-13,2025-11-14,367,49,318
SOPHUSDT,A,498,4094772.931519,2025-05-28,2026-09-30,491,0,491
SPACEUSDT,A,499,4078883.320926,2026-01-23,2026-09-30,251,0,251
NXPCUSDT,B,500,4062214.84545,2025-05-15,2026-09-30,504,0,504
METISUSDT,A,501,4035630.4459,2024-03-12,2026-09-30,933,295,638
NTRNUSDT,B,502,4001497.4195999997,2023-11-14,2026-03-24,862,414,448
COAIUSDT,A,503,3997926.8636,2025-09-25,2026-09-30,371,0,371
KMNOUSDT,B,504,3997006.08056,2024-12-20,2026-09-30,650,12,638
RONINUSDT,A,505,3980765.48703,2024-02-06,2026-09-30,968,330,638
KAIAUSDT,B,506,3958441.3045150004,2024-12-04,2026-09-30,666,28,638
BICOUSDT,B,507,3952577.16402,2023-09-28,2026-09-30,1099,461,638
BDXNUSDT,A,508,3937406.3076400002,2025-06-03,2026-03-17,288,0,288
USUSDT,A,509,3935736.837485,2025-12-12,2026-09-30,293,0,293
BLUAIUSDT,B,510,3922304.580813,2025-10-21,2026-09-30,345,0,345
2ZUSDT,A,511,3909662.361885,2025-10-02,2026-09-30,364,0,364
AIOTUSDT,B,512,3896182.1175,2025-04-30,2026-09-30,519,0,519
OUSDT,A,513,3889575.9515,2026-06-24,2026-09-30,99,0,99
QUSDT,B,514,3888451.198116,2025-09-02,2026-09-30,394,0,394
CUDISUSDT,A,515,3868208.1289649997,2025-08-20,2026-01-30,164,0,164
HEIUSDT,B,516,3854988.10483,2025-02-13,2026-09-30,595,0,595
XVSUSDT,B,517,3835291.5921,2023-04-13,2026-09-30,1267,629,638
DEEPUSDT,A,518,3812875.36641,2025-04-22,2026-09-30,527,0,527
DEGOUSDT,B,519,3784177.46802,2024-12-13,2026-04-21,495,19,476
PROMUSDT,A,520,3775877.6160500003,2025-01-15,2026-09-30,624,0,624
TAKEUSDT,A,521,3771883.10269,2025-09-03,2026-09-30,393,0,393
MBOXUSDT,B,522,3762948.248,2024-08-28,2026-06-11,653,126,527
BANUSDT,A,523,3745461.623405,2024-11-18,2026-09-30,682,44,638
BIDUSDT,B,524,3733718.724615,2025-03-20,2026-01-21,308,0,308
RIFUSDT,B,525,3706194.274945,2023-10-21,2026-09-30,1076,438,638
PHAUSDT,A,526,3705606.9578299997,2024-12-30,2026-09-30,640,2,638
NAORISUSDT,A,527,3671397.98656,2025-07-31,2026-09-30,427,0,427
JCTUSDT,B,528,3650562.09513,2025-11-10,2026-09-30,325,0,325
AGTUSDT,A,529,3649111.303113,2025-05-20,2026-09-30,499,0,499
AUSDT,B,530,3621478.1401,2025-05-28,2026-09-30,491,0,491
MAVIAUSDT,A,531,3599525.771965,2024-02-21,2026-09-30,854,300,554
LOKAUSDT,B,532,3599251.8064,2024-09-24,2025-07-21,301,99,202
EULUSDT,B,533,3598353.79742,2025-10-13,2026-09-30,353,0,353
MEGAUSDT,A,534,3596293.84628,2026-01-30,2026-09-30,244,0,244
MANTRAUSDT,B,535,3573301.7873,2026-03-04,2026-09-30,211,0,211
FISUSDT,A,536,3561961.6731350003,2025-04-25,2025-12-10,230,0,230
SAPIENUSDT,A,537,3535555.26816,2025-08-20,2026-09-30,407,0,407
POWRUSDT,B,538,3505677.53545,2023-10-27,2026-09-30,1070,432,638
ATUSDT,A,539,3491909.58077,2025-10-29,2026-09-30,337,0,337
CUSDT,B,540,3484583.46569,2025-07-15,2026-09-30,443,0,443
AKEUSDT,A,541,3455721.19197775,2025-09-26,2026-09-30,370,0,370
INUSDT,B,542,3427970.28307,2025-08-07,2026-09-30,420,0,420
我踏马来了USDT,A,543,3375502.532465,2026-01-21,2026-09-30,253,0,253
BULLAUSDT,B,544,3361976.398463,2025-07-04,2026-09-30,454,0,454
DEGENUSDT,B,545,3356074.138144,2024-11-15,2026-04-28,530,47,483
TAUSDT,A,546,3312329.86515,2025-07-21,2026-09-30,437,0,437
TRUTHUSDT,A,547,3312087.064631,2025-10-01,2026-09-30,365,0,365
COMMONUSDT,B,548,3311266.3676744998,2025-10-27,2026-01-30,96,0,96
SXTUSDT,A,549,3291815.72302,2025-05-02,2026-09-30,517,0,517
MIRAUSDT,B,550,3267833.987005,2025-09-26,2026-09-30,370,0,370
SHELLUSDT,A,551,3265781.56008,2025-02-17,2026-09-30,591,0,591
ONGUSDT,B,552,3235214.1006,2023-11-27,2026-09-30,1039,401,638
ICNTUSDT,A,553,3233576.3348,2025-07-03,2026-09-30,455,0,455
BTRUSDT,B,554,3205937.026875,2025-08-27,2026-09-30,400,0,400
CYPHUSDT,B,555,3176018.68617,2026-09-18,2026-09-30,13,0,13
ZKPUSDT,A,556,3159667.56476,2025-12-21,2026-09-30,284,0,284
DOLOUSDT,B,557,3147114.6150200004,2025-05-01,2026-09-30,518,0,518
OGUSDT,A,558,3121798.4122,2025-05-12,2026-09-30,507,0,507
JSTUSDT,A,559,3121596.783532,2025-04-28,2026-09-30,521,0,521
ERAUSDT,B,560,3106001.4336,2025-07-17,2026-09-30,441,0,441
PROVEUSDT,A,561,3105676.82606,2025-08-05,2026-09-30,422,0,422
SCRUSDT,B,562,3093409.8293,2024-10-22,2026-09-30,709,71,638
1000CHEEMSUSDT,A,563,3084726.5513697,2024-11-25,2026-09-30,675,37,638
AKTUSDT,B,564,3025218.675375,2024-11-18,2026-09-30,682,44,638
TREEUSDT,A,565,3014248.6975,2025-07-29,2026-09-30,429,0,429
XNYUSDT,B,566,2967800.4690859998,2025-08-13,2026-09-30,414,0,414
XANUSDT,A,567,2958615.30386,2025-09-29,2026-09-30,367,0,367
RPLUSDT,B,568,2953727.49395,2024-09-09,2026-09-30,752,114,638
SUNUSDT,A,569,2943308.2880595,2024-08-22,2026-09-30,770,132,638
YBUSDT,B,570,2925078.8366,2025-10-10,2026-09-30,356,0,356
LSKUSDT,B,571,2909248.7340700002,2024-01-25,2026-09-30,980,342,638
FOGOUSDT,A,572,2899870.4781245003,2026-01-10,2026-09-30,264,0,264
ZKCUSDT,A,573,2873072.17925,2025-09-15,2026-09-30,381,0,381
XPINUSDT,B,574,2863464.0667675,2025-09-12,2026-09-30,384,0,384
IRYSUSDT,B,575,2862818.684067,2025-11-26,2026-09-30,309,0,309
DODOXUSDT,A,576,2823659.4697515,2023-08-08,2026-09-30,1150,512,638
OXTUSDT,B,577,2820234.9273,2023-08-11,2026-04-15,979,509,470
STARUSDT,A,578,2815530.9787250003,2026-05-14,2026-09-30,140,0,140
DUSDT,B,579,2795545.29283,2025-01-09,2026-06-11,519,0,519
KGENUSDT,A,580,2762948.49968,2025-10-07,2026-09-30,359,0,359
HANAUSDT,A,581,2757483.567695,2025-09-26,2026-09-30,370,0,370
IRUSDT,B,582,2755056.26846,2025-12-21,2026-04-29,130,0,130
TANSSIUSDT,A,583,2711128.8488,2025-07-09,2026-01-21,197,0,197
LUMIAUSDT,B,584,2701643.375595,2024-12-18,2026-09-30,652,14,638
MITOUSDT,B,585,2654256.44391,2025-08-28,2026-09-30,399,0,399
WAXPUSDT,A,586,2651992.17469,2023-10-18,2026-09-30,1079,441,638
REIUSDT,A,587,2648380.548455,2024-09-27,2025-12-10,440,96,344
SQDUSDT,B,588,2646875.95217,2025-06-11,2026-09-30,477,0,477
NEWTUSDT,A,589,2634052.07754,2025-06-19,2026-09-30,469,0,469
BRUSDT,B,590,2632379.18034,2025-03-21,2026-09-30,559,0,559
TOWNSUSDT,A,591,2604948.6415125,2025-08-05,2026-09-30,422,0,422
ONUSDT,B,592,2603857.403805,2025-10-24,2026-09-30,342,0,342
AIOUSDT,B,593,2581986.7765699998,2025-08-13,2026-09-30,414,0,414
SKRUSDT,A,594,2569624.144504,2026-01-22,2026-09-30,252,0,252
QUICKUSDT,B,595,2553742.95398,2024-09-06,2025-11-28,449,117,332
GIGADEVUSDT,A,596,2535477.2524,2026-08-03,2026-09-30,59,0,59
STEEMUSDT,A,597,2529799.8794799997,2023-11-08,2026-09-30,1058,420,638
SLERFUSDT,B,598,2520448.27995,2024-11-21,2025-10-20,334,41,293
ETHWUSDT,B,599,2511639.1574,2023-11-28,2026-09-30,1038,400,638
A2ZUSDT,A,600,2498004.4927665,2025-07-30,2026-03-24,238,0,238
GUSDT,B,601,2472110.56774,2024-08-15,2026-09-30,777,139,638
INXUSDT,A,602,2471963.0864730002,2026-01-30,2026-09-30,244,0,244
BMTUSDT,A,603,2467666.24155,2025-03-17,2026-09-30,563,0,563
DAMUSDT,B,604,2461306.7252,2025-08-18,2026-04-29,255,0,255
DOODUSDT,A,605,2456372.5840586,2025-05-09,2026-09-30,510,0,510
AZTECUSDT,B,606,2438031.294005,2026-02-11,2026-09-30,232,0,232
DFUSDT,A,607,2428210.638425,2024-12-30,2026-02-06,404,2,402
FUSDT,B,608,2424363.2164035,2025-06-18,2026-09-30,470,0,470
CGPTUSDT,B,609,2411590.290185,2024-12-20,2026-09-30,650,12,638
ARIAUSDT,A,610,2410657.5821,2025-09-03,2026-09-30,393,0,393
TAGUSDT,A,611,2409304.8619769,2025-07-25,2026-09-30,433,0,433
PROMPTUSDT,B,612,2400143.2366,2025-04-11,2026-09-30,538,0,538
STBLUSDT,A,613,2398696.5881,2025-09-17,2026-09-30,379,0,379
ZKJUSDT,B,614,2382235.1171500003,2025-05-13,2026-04-29,352,0,352
BNTUSDT,A,615,2372715.65448,2023-08-10,2026-09-30,1148,510,638
DMCUSDT,B,616,2371691.224239,2025-06-24,2026-01-21,212,0,212
RLSUSDT,B,617,2352660.790161,2025-12-02,2026-04-08,128,0,128
MOCAUSDT,A,618,2350655.14474,2024-12-16,2026-09-30,654,16,638
SYSUSDT,B,619,2335841.3115,2024-08-19,2026-05-19,639,135,504
KOMAUSDT,A,620,2331418.23985,2024-12-10,2026-09-30,660,22,638
MILKUSDT,A,621,2330049.55939,2025-05-06,2025-12-05,214,0,214
FIOUSDT,B,622,2311528.34152,2024-09-20,2026-04-15,573,103,470
SANTOSUSDT,A,623,2300045.9662,2024-10-28,2026-09-30,703,65,638
BOBUSDT,B,624,2298634.13596,2025-11-21,2026-04-28,159,0,159
ZESTUSDT,A,625,2284377.6376,2026-06-04,2026-09-30,119,0,119
B2USDT,B,626,2283127.3145,2025-05-06,2026-09-30,513,0,513
PHAROSUSDT,A,627,2261600.83415,2026-05-14,2026-09-30,140,0,140
WETUSDT,B,628,2251070.63343,2025-12-10,2026-09-30,295,0,295
AWEUSDT,B,629,2220625.26188,2025-05-21,2026-09-30,498,0,498
SAFEUSDT,A,630,2200936.7966,2024-10-25,2026-09-30,706,68,638
BWETUSDT,A,631,2196225.0975,2026-09-29,2026-09-30,2,0,2
B3USDT,B,632,2167918.0152791,2025-02-13,2026-04-28,440,0,440
BIRBUSDT,B,633,2155377.79606,2026-01-29,2026-09-30,245,0,245
FLOCKUSDT,A,634,2143749.9538,2025-09-09,2026-09-30,387,0,387
DIAUSDT,B,635,2139874.0624,2024-10-02,2026-09-30,729,91,638
FIGHTUSDT,A,636,2090575.127846,2026-01-23,2026-09-30,251,0,251
SONICUSDT,A,637,2081370.88905,2025-01-08,2026-09-30,631,0,631
BREVUSDT,B,638,2070865.0615,2025-12-30,2026-09-30,275,0,275
QNTXUSDT,B,639,2058256.9243,2026-05-29,2026-09-30,125,0,125
AINUSDT,A,640,2055047.25835,2025-07-10,2026-09-30,448,0,448
HAEDALUSDT,B,641,2052697.56267,2025-05-01,2026-09-30,518,0,518
TACUSDT,A,642,2045902.77115,2025-07-15,2026-09-30,443,0,443
COSUSDT,B,643,1999167.5534165,2024-09-30,2026-06-11,620,93,527
IDOLUSDT,A,644,1995873.78333,2025-07-04,2026-09-30,454,0,454
BBXUSDT,A,645,1987836.2878999999,2026-06-01,2026-09-30,122,0,122
1000WHYUSDT,B,646,1952582.54509165,2024-11-25,2026-03-17,478,37,441
SHAZUSDT,B,647,1942561.6796,2026-07-21,2026-09-30,72,0,72
GHSTUSDT,A,648,1937524.44095,2024-09-23,2026-02-06,502,100,402
ACXUSDT,B,649,1932457.83757,2024-12-06,2026-08-07,610,26,584
42USDT,A,650,1907482.97499,2025-10-27,2026-01-30,96,0,96
HIVEUSDT,B,651,1901869.24114,2024-12-23,2026-09-30,647,9,638
FLUXUSDT,A,652,1836555.60844,2024-09-03,2026-09-30,758,120,638
TOSHIUSDT,A,653,1788952.3752522,2025-09-17,2026-09-30,379,0,379
CROSSUSDT,B,654,1751562.1636700002,2025-07-10,2026-09-30,448,0,448
ASRUSDT,A,655,1734240.0241,2025-05-06,2026-09-30,513,0,513
MLNUSDT,B,656,1720848.9061,2025-03-31,2026-05-19,415,0,415
PUFFERUSDT,B,657,1719454.34309,2025-06-04,2026-04-08,309,0,309
VELODROMEUSDT,A,658,1708206.48013,2024-12-13,2026-09-30,657,19,638
TRUSTUSDT,A,659,1707825.1557649998,2025-11-05,2026-09-30,330,0,330
RECALLUSDT,B,660,1706656.30289,2025-10-15,2026-09-30,351,0,351
SPORTFUNUSDT,A,661,1696831.2325249999,2026-01-16,2026-09-30,258,0,258
SLPUSDT,B,662,1678247.0636146,2023-10-31,2026-09-30,633,198,435
SCRTUSDT,A,663,1664753.47181,2024-11-21,2026-08-26,644,41,603
AVAUSDT,B,664,1641534.04201,2024-12-13,2026-09-30,657,19,638
ELSAUSDT,A,665,1640830.3898399998,2026-01-22,2026-09-30,252,0,252
ALPINEUSDT,B,666,1627829.18441,2025-05-06,2026-09-30,513,0,513
ACUUSDT,B,667,1618324.97648,2026-01-21,2026-09-30,253,0,253
BROCCOLIF3BUSDT,A,668,1611102.177963,2025-03-21,2026-09-30,559,0,559
VTHOUSDT,A,669,1546283.423885,2025-01-22,2026-09-30,617,0,617
ORDERUSDT,B,670,1519094.631135,2025-09-26,2026-09-30,370,0,370
VICUSDT,B,671,1483054.490885,2025-03-12,2026-08-07,514,0,514
OLUSDT,A,672,1451864.0442400002,2025-06-25,2026-04-08,288,0,288
CLANKERUSDT,B,673,1445104.8156,2025-11-12,2026-09-30,323,0,323
STRCUSDT,A,674,1435434.3043,2026-07-02,2026-09-30,91,0,91
PUNDIXUSDT,A,675,1374494.286,2025-04-30,2026-09-30,519,0,519
ZRCUSDT,B,676,1313373.612476,2025-07-29,2026-01-21,177,0,177
RAMUSDT,A,677,1289173.8939,2026-08-25,2026-09-30,37,0,37
TURTLEUSDT,B,678,1277699.160085,2025-10-22,2026-09-30,344,0,344
KSTRUSDT,B,679,1253002.0293,2026-07-02,2026-09-30,91,0,91
VFYUSDT,A,680,1237364.89628,2025-09-30,2026-03-17,169,0,169
CTRUSDT,A,681,1210141.8844765,2026-05-28,2026-09-30,126,0,126
PUMPBTCUSDT,B,682,1206145.59724,2025-06-13,2026-09-30,475,0,475
FLUIDUSDT,B,683,1180037.53805,2025-09-24,2026-09-30,372,0,372
DATAIPUSDT,A,684,1164639.68245,2026-07-03,2026-09-30,90,0,90
BNCUSDT,B,685,1154815.12854,2026-07-09,2026-09-30,84,0,84
FORTHUSDT,A,686,1101937.3805,2025-04-08,2026-03-24,351,0,351
CARVUSDT,B,687,1068778.9111000001,2025-08-07,2026-09-30,420,0,420
OURAUSDT,A,688,1015428.5547499999,2026-09-23,2026-09-30,8,0,8
TAIKOUSDT,B,689,955983.0292,2025-06-11,2026-09-30,477,0,477
FWDIUSDT,A,690,894715.8909750001,2026-07-09,2026-09-30,84,0,84
AGPUUSDT,A,691,873242.395,2026-09-18,2026-09-30,13,0,13
TWSTUSDT,B,692,864283.0825,2026-09-28,2026-09-30,3,0,3
1000000BOBUSDT,B,693,837709.34737,2025-06-05,2026-09-30,483,0,483
BOTUSDT,A,694,822203.4588,2026-07-09,2026-09-30,84,0,84
MOONSHOTUSDT,A,695,754026.807,2026-09-22,2026-09-30,9,0,9
SECZUSDT,B,696,707776.708,2026-09-29,2026-09-30,2,0,2
MPUSDT,A,697,674500.87045,2026-09-29,2026-09-30,2,0,2
BSPUSDT,B,698,614096.0503,2026-07-02,2026-09-30,91,0,91
PENGUSDT,B,699,589830.5632,2026-07-21,2026-09-30,72,0,72
EWTUSDT,A,700,579420.57765,2026-06-01,2026-09-30,122,0,122
BXUSDT,A,701,551603.7432,2026-06-08,2026-09-30,115,0,115
JPMUSDT,B,702,527445.3030999999,2026-05-18,2026-09-30,136,0,136
PAYPUSDT,A,703,494205.53205000004,2026-03-23,2026-09-30,192,0,192
VRTUSDT,B,704,463319.9661,2026-07-10,2026-09-30,83,0,83
WENUSDT,B,705,417826.68495,2026-07-09,2026-09-30,84,0,84
VSTUSDT,A,706,384541.2585,2026-08-17,2026-09-30,45,0,45
CATUSDT,A,707,343077.9655,2026-07-02,2026-09-30,91,0,91
FLEXUSDT,B,708,341008.8233,2026-07-02,2026-09-30,91,0,91
VUSDT,B,709,333413.61494999996,2026-05-18,2026-09-30,136,0,136
TEAMUSDT,A,710,327420.7928,2026-09-02,2026-09-30,29,0,29
HDUSDT,A,711,323552.2048,2026-05-15,2026-09-30,139,0,139
LYTEUSDT,B,712,304672.9135,2026-08-17,2026-09-30,45,0,45
RUMUSDT,B,713,237343.0695,2026-09-28,2026-09-30,3,0,3
XOMUSDT,A,714,177362.7447,2026-09-28,2026-09-30,3,0,3
PATHUSDT,A,715,145998.7665,2026-09-18,2026-09-30,13,0,13
