mirror,msg_id,utc,kind,value,text
tradesmartacademy,23,2025-12-30 09:21:48,sl,entry,🟢 WELCOME TRADERS - We’re excited to have you here! You’ll get daily free tradin
tradesmartacademy,76,2026-01-02 20:30:15,sl,entry,TP1 SMASHED +30 Pips ✅ /  / Move SL to your entry now 💰
tradesmartacademy,83,2026-01-05 11:26:17,sl,4415.0,Move your gold SL to 4415
tradesmartacademy,114,2026-01-06 19:52:14,sl,entry,TP1 SMASHED +30 Pips ✅ /  / Move SL to your entry now 💰
tradesmartacademy,119,2026-01-07 11:38:39,sl,entry,TP1 SMASHED +30 Pips ✅ /  / Move SL to your entry now 💰
tradesmartacademy,126,2026-01-07 15:12:38,sl,entry,TP1 SMASHED +30 Pips ✅ /  / Move SL to your entry now 💰
tradesmartacademy,137,2026-01-07 15:35:07,sl,4462.0,MOVE SL TO 4462
tradesmartacademy,182,2026-01-08 13:06:41,sl,entry,TP1 SMASHED +30 Pips ✅ /  / Move SL to your entry now 💰
tradesmartacademy,195,2026-01-09 13:45:00,sl,entry,TP1 SMASHED +30 Pips ✅ /  / Move SL to your entry now 💰
tradesmartacademy,200,2026-01-09 14:24:26,sl,entry,TP1 SMASHED +60 Pips ✅ /  / Move SL to your entry now 💰
tradesmartacademy,232,2026-01-12 11:22:36,sl,4572.0,Move your SL to 4572 to be safe from wicks.
tradesmartacademy,238,2026-01-12 13:23:36,sl,entry,TP1 SMASHED +30 Pips ✅ /  / Move SL to your entry now 💰
tradesmartacademy,247,2026-01-12 14:03:49,sl,entry,TP1 SMASHED +30 Pips ✅ /  / Move SL to your entry now 💰
tradesmartacademy,254,2026-01-12 17:19:47,sl,entry,TP1 SMASHED +30 Pips ✅ /  / Move SL to your entry now 💰
tradesmartacademy,284,2026-01-13 09:47:01,sl,entry,TP1 SMASHED +30 Pips ✅ /  / Move SL to your entry now 💰
tradesmartacademy,290,2026-01-13 14:18:25,sl,entry,TP1 SMASHED +30 Pips ✅ /  / Move SL to your entry now 💰
tradesmartacademy,313,2026-01-14 13:03:54,sl,entry,TP1 SMASHED +30 Pips ✅ /  / Move SL to your entry now 💰
tradesmartacademy,325,2026-01-15 08:25:08,sl,4586.0,Move the SL to 4586
tradesmartacademy,335,2026-01-15 14:06:29,sl,entry,TP1 SMASHED +30 Pips ✅ /  / Move SL to your entry now 💰
tradesmartacademy,359,2026-01-16 13:16:42,sl,4580.0,Move ALL gold stoplosses to 4580 /  / Time to play chess with the market
tradesmartacademy,381,2026-01-16 15:23:17,sl,entry,TP1 SMASHED +30 Pips ✅ /  / Move SL to your entry now 💰
tradesmartacademy,409,2026-01-19 15:07:01,sl,entry,TP1 SMASHED +30 Pips ✅ /  / Move SL to your entry now 💰
tradesmartacademy,443,2026-01-20 17:13:42,sl,entry,TP1 SMASHED +30 Pips ✅ /  / Move SL to your entry now 💰
tradesmartacademy,452,2026-01-21 11:38:36,sl,entry,TP1 SMASHED +30 Pips ✅ /  / Move SL to your entry now 💰
tradesmartacademy,454,2026-01-21 12:39:02,sl,entry,TP1 SMASHED +30 Pips ✅ /  / Move SL to your entry now 💰
tradesmartacademy,463,2026-01-21 17:02:58,sl,entry,TP1 SMASHED +30 Pips ✅ /  / Move SL to your entry now 💰
tradesmartacademy,490,2026-01-22 10:16:36,sl,entry,TP1 SMASHED +30 Pips ✅ /  / Move SL to your entry now 💰
tradesmartacademy,498,2026-01-22 13:21:35,sl,4845.0,Move ALL Gold stoplosses to 4845 to be safe from being wicked out.
tradesmartacademy,520,2026-01-23 05:25:08,sl,entry,TP1 SMASHED +30 Pips ✅ /  / Move SL to your entry now 💰
tradesmartacademy,525,2026-01-23 08:11:44,sl,4925.0,Move all gold stoplosses to 4925
tradesmartacademy,533,2026-01-23 08:53:40,sl,4900.0,Move SL to 4900 to be safe from wicks.
tradesmartacademy,535,2026-01-23 09:27:51,sl,4890.0,The market is choppy right now.. I'll move all gold stoplosses to 4890. /  / I’m giv
tradesmartacademy,588,2026-01-23 17:18:27,sl,entry,TP1 SMASHED +30 Pips ✅ /  / Move SL to your entry now 💰
tradesmartacademy,624,2026-01-27 15:28:53,sl,entry,TP1 SMASHED +30 Pips ✅ /  / Move SL to your entry now 💰
tradesmartacademy,639,2026-01-28 10:37:44,sl,5257.0,Move SL to 5257
tradesmartacademy,739,2026-02-02 12:14:04,sl,entry,TP1 SMASHED +30 Pips ✅ /  / Move SL to your entry now 💰
tradesmartacademy,761,2026-02-03 08:59:19,sl,4895.0,Move your SL to 4895 /  / We will do a nice counter trade soon. /  / Stay tuned.
tradesmartacademy,785,2026-02-03 11:34:40,sl,entry,TP1 SMASHED +60 Pips ✅ /  / DOUBLE LOT SIZE TRADE 🔥🔥 /  / Move SL to your entry now 💰
tradesmartacademy,788,2026-02-04 06:15:23,sl,5035.0,Move SL to 5035
tradesmartacademy,821,2026-02-04 16:23:12,sl,entry,TP1 SMASHED +30 Pips ✅ /  / Move SL to your entry now 💰
tradesmartacademy,828,2026-02-05 06:35:03,sl,entry,TP1 SMASHED +30 Pips ✅ /  / Move SL to your entry now 💰
tradesmartacademy,843,2026-02-05 09:23:33,sl,entry,TP1 SMASHED +60 Pips ✅ /  / DOUBLE LOT SIZE TRADE 🔥🔥 /  / Move SL to your entry now 💰
tradesmartacademy,866,2026-02-05 14:09:27,sl,entry,TP1 SMASHED +30 Pips ✅ /  / Move SL to your entry now 💰
tradesmartacademy,877,2026-02-05 17:47:48,sl,4910.0,Move SL to 4910 /  / We will do a counter trade soon.
tradesmartacademy,899,2026-02-06 07:31:02,sl,entry,TP1 SMASHED +30 Pips ✅ /  / Move SL to your entry now 💰
tradesmartacademy,904,2026-02-06 07:51:21,sl,entry,TP1 SMASHED +30 Pips ✅ /  / Move SL to your entry now 💰
tradesmartacademy,909,2026-02-06 10:59:29,sl,entry,TP1 SMASHED +30 Pips ✅ /  / Move SL to your entry now 💰
tradesmartacademy,918,2026-02-06 11:41:31,sl,entry,TP1 SMASHED +30 Pips ✅ /  / Move SL to your entry now 💰
tradesmartacademy,926,2026-02-06 12:25:23,sl,4855.0,Move SL to 4855 /  / Time to counter
tradesmartacademy,948,2026-02-06 14:24:29,sl,4880.0,Move SL to 4880 /  / Time to counter
tradesmartacademy,965,2026-02-06 17:43:13,sl,entry,TP1 SMASHED +30 Pips ✅ /  / Move SL to your entry now 💰
tradesmartacademy,1005,2026-02-09 13:35:57,sl,entry,TP1 SMASHED +30 Pips ✅ /  / Move SL to your entry now 💰
tradesmartacademy,1008,2026-02-09 15:05:19,sl,entry,TP1 SMASHED +30 Pips ✅ /  / Move SL to your entry now 💰
tradesmartacademy,1012,2026-02-09 15:50:57,sl,entry,TP1 SMASHED +30 Pips ✅ /  / Move SL to your entry now 💰
tradesmartacademy,1029,2026-02-10 09:11:36,sl,entry,TP1 SMASHED +30 Pips ✅ /  / Move SL to your entry now 💰
tradesmartacademy,1035,2026-02-10 10:52:26,sl,entry,TP1 SMASHED +30 Pips ✅ /  / Move SL to your entry now 💰
tradesmartacademy,1067,2026-02-11 09:34:31,sl,entry,TP1 SMASHED +30 Pips ✅ /  / Move SL to your entry now 💰
tradesmartacademy,1077,2026-02-11 11:23:45,sl,entry,TP1 SMASHED +30 Pips ✅ /  / Move SL to your entry now 💰
tradesmartacademy,1095,2026-02-11 13:41:42,sl,entry,TP1 SMASHED +60 Pips ✅ /  / DOUBLE LOT SIZE TRADE 🔥🔥 /  / Move SL to your entry now 💰
tradesmartacademy,1103,2026-02-11 14:46:47,sl,entry,TP1 SMASHED +60 Pips ✅ /  / DOUBLE LOT SIZE TRADE 🔥🔥 /  / Move SL to your entry now 💰
tradesmartacademy,1116,2026-02-12 09:01:11,sl,entry,TP1 SMASHED +30 Pips ✅ /  / Move SL to your entry now 💰
tradesmartacademy,1136,2026-02-13 14:34:20,sl,entry,TP1 SMASHED +30 Pips ✅ /  / Move SL to your entry now 💰
tradesmartacademy,1147,2026-02-13 15:54:56,sl,entry,TP1 SMASHED +30 Pips ✅ /  / Move SL to your entry now 💰
tradesmartacademy,1178,2026-02-14 16:02:35,sl,entry,TP1 SMASHED +300 Pips ✅ /  / Move SL to your entry now 💰
tradesmartacademy,1188,2026-02-16 08:37:25,sl,entry,TP1 SMASHED +30 Pips ✅ /  / Move SL to your entry now 💰
tradesmartacademy,1197,2026-02-16 11:53:00,sl,entry,TP1 SMASHED +30 Pips ✅ /  / Move SL to your entry now 💰
tradesmartacademy,1215,2026-02-17 10:35:11,sl,entry,TP1 SMASHED +30 Pips ✅ /  / Move SL to your entry now 💰
tradesmartacademy,1218,2026-02-17 11:19:39,sl,entry,TP1 SMASHED +30 Pips ✅ /  / Move SL to your entry now 💰
tradesmartacademy,1239,2026-02-17 13:27:19,sl,entry,TP1 SMASHED +30 Pips ✅ /  / Move SL to your entry now 💰
tradesmartacademy,1247,2026-02-18 07:29:25,sl,entry,TP1 SMASHED +30 Pips ✅ /  / Move SL to your entry now 💰
tradesmartacademy,1250,2026-02-18 07:58:25,sl,entry,TP1 SMASHED +30 Pips ✅ /  / Move SL to your entry now 💰
tradesmartacademy,1274,2026-02-19 09:27:46,sl,entry,TP1 SMASHED +30 Pips ✅ /  / Move SL to your entry now 💰
tradesmartacademy,1289,2026-02-19 15:56:04,sl,entry,TP1 SMASHED +30 Pips ✅ /  / Move SL to your entry now 💰
tradesmartacademy,1294,2026-02-20 07:57:46,sl,entry,TP1 SMASHED +30 Pips ✅ /  / Move SL to your entry now 💰
tradesmartacademy,1321,2026-02-24 12:10:17,sl,entry,TP1 SMASHED +30 Pips ✅ /  / Move SL to your entry now 💰
tradesmartacademy,1335,2026-02-24 18:01:57,sl,5185.0,Move all gold stoplosses to 5185. /  / I am using higher lotsize on this trade.
tradesmartacademy,1363,2026-02-25 11:23:00,sl,entry,TP1 SMASHED +30 Pips ✅ /  / Move SL to your entry now 💰
tradesmartacademy,1377,2026-02-25 14:40:25,sl,entry,TP1 SMASHED +30 Pips ✅ /  / Move SL to your entry now 💰
tradesmartacademy,1383,2026-02-25 15:28:29,sl,5160.0,Move your SL to 5160  /  / Get ready for a counter trade soon.
tradesmartacademy,1402,2026-02-25 16:45:48,sl,entry,TP1 SMASHED +30 Pips ✅ /  / Move SL to your entry now 💰
tradesmartacademy,1467,2026-02-27 14:08:14,sl,entry,TP1 SMASHED +30 Pips ✅ /  / Move SL to your entry now 💰
tradesmartacademy,1471,2026-02-27 14:46:27,sl,entry,TP1 SMASHED +30 Pips ✅ /  / Move SL to your entry now 💰
tradesmartacademy,1522,2026-03-02 11:20:22,sl,entry,TP1 SMASHED +30 Pips ✅ /  / Move SL to your entry now 💰
tradesmartacademy,1532,2026-03-02 15:06:29,sl,entry,TP1 SMASHED +30 Pips ✅ /  / Move SL to your entry now 💰
tradesmartacademy,1569,2026-03-03 11:20:36,sl,entry,TP1 SMASHED +30 Pips ✅ /  / Move SL to your entry now 💰
tradesmartacademy,1571,2026-03-03 13:44:49,sl,entry,TP1 SMASHED +30 Pips ✅ /  / Move SL to your entry now 💰
tradesmartacademy,1595,2026-03-03 15:23:51,sl,entry,TP1 SMASHED +30 Pips ✅ /  / Move SL to your entry now 💰
tradesmartacademy,1635,2026-03-04 14:00:28,sl,5147.0,Move all your gold stoplosses to 5147
tradesmartacademy,1637,2026-03-04 14:23:34,sl,5140.0,Time to counter /  / Move ALL gold stoplosses to 5140
tradesmartacademy,1647,2026-03-04 15:58:55,sl,5180.0,Move stoploss to 5180 so we have room to enter a nice counter trade if it goes u
tradesmartacademy,1659,2026-03-04 18:31:32,sl,entry,TP1 SMASHED +30 Pips ✅ /  / Move SL to your entry now 💰
tradesmartacademy,1667,2026-03-05 13:07:04,sl,5120.0,Move all your gold stoplosses to 5120 /  / Let's setup a counter buy limit
tradesmartacademy,1710,2026-03-05 19:16:02,sl,entry,TP1 SMASHED +30 Pips ✅ /  / Move SL to your entry now 💰
tradesmartacademy,1753,2026-03-06 11:56:48,sl,entry,TP1 SMASHED +30 Pips ✅ /  / Move SL to your entry now 💰
tradesmartacademy,1759,2026-03-06 16:02:21,sl,entry,TP1 SMASHED +30 Pips ✅ /  / Move SL to your entry now 💰
tradesmartacademy,1816,2026-03-09 15:06:01,sl,entry,TP1 SMASHED +30 Pips ✅ /  / Move SL to your entry now 💰
tradesmartacademy,1830,2026-03-09 18:24:45,sl,5130.0,"Move all your gold stoplosses to 5130 and let’s wait for the targets, patiently."
tradesmartacademy,1865,2026-03-10 12:12:53,sl,entry,TP1 SMASHED +30 Pips ✅ /  / Move SL to your entry now 💰
tradesmartacademy,1895,2026-03-10 18:16:01,sl,5185.0,Move your gold stoplosses to 5185
tradesmartacademy,1908,2026-03-11 09:37:55,sl,5220.0,Move all your gold stoplosses to 5220
tradesmartacademy,1970,2026-03-12 14:57:46,sl,entry,TP1 SMASHED +30 Pips ✅ /  / Move SL to your entry now 💰
tradesmartacademy,2021,2026-03-13 13:48:27,sl,entry,TP1 SMASHED +30 Pips ✅ /  / Move SL to your entry now 💰
tradesmartacademy,2026,2026-03-13 14:28:14,sl,entry,TP1 SMASHED +30 Pips ✅ /  / Move SL to your entry now 💰
tradesmartacademy,2064,2026-03-16 11:00:19,sl,5025.0,Move all gold stoplosses to 5025
tradesmartacademy,2096,2026-03-17 10:25:43,sl,5028.0,Move your gold stoploss to 5028 /  / I am expecting the targets to be hit soon. /  / Let
tradesmartacademy,2122,2026-03-17 13:55:10,sl,4990.0,Move SL to 4990
tradesmartacademy,2136,2026-03-17 17:38:49,sl,entry,TP1 SMASHED +30 Pips ✅ /  / Move SL to your entry now 💰
tradesmartacademy,2158,2026-03-18 12:25:06,sl,entry,TP1 SMASHED +20 Pips ✅ /  / Move SL to your entry now 💰
tradesmartacademy,2187,2026-03-18 17:00:45,sl,4920.0,Move all gold stoplosses to 4920.
tradesmartacademy,2205,2026-03-18 19:56:19,sl,entry,TP1 SMASHED +30 Pips ✅ /  / Move SL to your entry now 💰
tradesmartacademy,2208,2026-03-18 20:12:44,sl,entry,TP1 SMASHED +30 Pips ✅ /  / Move SL to your entry now 💰
tradesmartacademy,2232,2026-03-19 11:56:51,sl,entry,TP1 SMASHED +30 Pips ✅ /  / Move SL to your entry now 💰
tradesmartacademy,2237,2026-03-19 12:53:03,sl,entry,TP1 SMASHED +30 Pips ✅ /  / Move SL to your entry now 💰
tradesmartacademy,2269,2026-03-19 15:51:26,sl,4620.0,Move your gold stoploss to 4620 /  / We will do counter trade soon.
tradesmartacademy,2271,2026-03-19 16:03:19,sl,4640.0,Move gold stoploss to 4640
tradesmartacademy,2286,2026-03-19 17:10:27,sl,entry,TP1 SMASHED +30 Pips ✅ /  / Move SL to your entry now 💰
tradesmartacademy,2300,2026-03-20 12:36:04,sl,4640.0,Move gold stoploss to 4640  /  / We might do a counter soon. /  / BE READY TO FIRE!
tradesmartacademy,2333,2026-03-23 11:38:06,sl,4390.0,Move your SL to 4390
tradesmartacademy,2380,2026-03-24 13:31:44,sl,entry,TP1 SMASHED +30 Pips ✅ /  / Move SL to your entry now 💰
tradesmartacademy,2401,2026-03-24 15:51:50,sl,entry,TP1 SMASHED +30 Pips ✅ /  / Move SL to your entry now 💰
tradesmartacademy,2448,2026-03-25 14:12:32,sl,entry,TP1 SMASHED +70 Pips ✅ /  / Move SL to your entry now 💰
tradesmartacademy,2512,2026-03-26 19:52:07,sl,entry,TP1 SMASHED +50 Pips ✅ /  / Move SL to your entry now 💰
tradesmartacademy,2533,2026-03-27 11:16:36,sl,entry,TP1 SMASHED +40 Pips ✅ /  / Move SL to your entry now 💰
tradesmartacademy,2543,2026-03-30 08:54:03,sl,4560.0,I'll move my SL to 4560 /  / Be ready for a counter trade
tradesmartacademy,2551,2026-03-30 14:29:50,sl,4485.0,I'll move my SL to 4485 to be safe from wicks. /  / Be ready for a counter trade.
tradesmartacademy,2558,2026-03-30 15:25:27,sl,4490.0,I'll move my SL to 4490 to be safe from any liquidity wicks.
tradesmartacademy,2573,2026-03-30 17:07:45,sl,4500.0,I'll move my SL to 4500 to be safe from any liquidity wicks.
tradesmartacademy,2576,2026-03-30 17:53:07,sl,4490.0,I'll move my gold stoplosses to 4490 as this is the final liquidity zone. /  / Come 
tradesmartacademy,2579,2026-03-30 19:00:07,sl,4480.0,That’s why I am loading gold buys. /  / Move gold stoplosses to 4480. /  / No more stopl
tradesmartacademy,2600,2026-03-31 11:12:34,sl,4585.0,Move all gold stoplosses to 4585 to be safe from wicks.
tradesmartacademy,2602,2026-03-31 11:27:21,sl,4595.0,Move gold stoplosses to 4595. /  / No more stoploss adjustment.
tradesmartacademy,2635,2026-03-31 17:06:28,sl,entry,TP1 SMASHED +50 Pips ✅ /  / Move SL to your entry now 💰
tradesmartacademy,2687,2026-04-01 13:56:34,sl,4700.0,I’ll move my SL to 4700 to be safe from any liquidity wicks
tradesmartacademy,2698,2026-04-01 17:04:24,sl,entry,TP1 SMASHED +50 Pips ✅ /  / Move SL to your entry now 💰
tradesmartacademy,2763,2026-04-06 14:17:00,sl,entry,TP1 SMASHED +50 Pips ✅ /  / Move SL to your entry now 💰
tradesmartacademy,2802,2026-04-07 11:08:52,sl,4630.0,Move all gold stoplosses to 4630 for one last counter trade
tradesmartacademy,2827,2026-04-07 13:36:47,sl,4620.0,Move your gold stoplosses to 4620 /  / We might do a counter soon.
tradesmartacademy,2853,2026-04-07 16:25:06,sl,entry,TP1 SMASHED +50 Pips ✅ /  / Move SL to your entry now 💰
tradesmartacademy,2899,2026-04-08 10:10:14,sl,entry,TP1 SMASHED +50 Pips ✅ /  / Move SL to your entry now 💰
tradesmartacademy,2909,2026-04-08 12:32:18,sl,4825.0,MOVE ALL GOLD STOPLOSSES TO 4825
tradesmartacademy,2926,2026-04-08 14:57:52,sl,entry,TP1 SMASHED +50 Pips ✅ /  / Move SL to your entry now 💰
tradesmartacademy,2969,2026-04-09 13:23:57,sl,4795.0,Move your SL to 4795 to be safe from liquidity wicks.  /  / We hopefully get a count
tradesmartacademy,3015,2026-04-10 10:25:34,sl,4790.0,"Move your SL to 4790 /  / Time for a counter soon, ready?"
tradesmartacademy,3020,2026-04-10 12:07:25,sl,4810.0,I'll move gold stoplosses to 4810 to give more room. Placing this sell limit jus
tradesmartacademy,3068,2026-04-13 11:07:45,sl,4765.0,Let's move our gold stoplosses to 4765 /  / Looks like we will get some higher count
tradesmartacademy,3079,2026-04-13 12:56:27,sl,4760.0,Move your gold stoploss to 4760 /  / Counter trade incoming.
tradesmartacademy,3126,2026-04-14 13:15:49,sl,4815.0,Move all gold stoplosses to 4815
tradesmartacademy,3127,2026-04-14 14:03:01,sl,4825.0,Move all gold stoplosses to 4825 /  / Counter incoming
tradesmartacademy,3137,2026-04-14 16:37:10,sl,4840.0,Move all your gold stop losses to 4840
tradesmartacademy,3148,2026-04-15 13:58:15,sl,4860.0,"Move all your gold stoplosses to 4860. /  / Counter trade incoming, be ready."
tradesmartacademy,3205,2026-04-16 16:27:31,sl,entry,TP1 SMASHED +50 Pips ✅ /  / Move SL to your entry now 💰
tradesmartacademy,3271,2026-04-18 15:33:11,sl,entry,Let me tell you about one of my members. 🇨🇭 /  / Last month he joined the VIP. Opene
tradesmartacademy,3399,2026-04-22 14:37:20,sl,entry,TP1 SMASHED +50 Pips ✅ /  / Move SL to your entry now 💰
tradesmartacademy,3429,2026-04-23 10:16:56,sl,entry,TP1 SMASHED +50 Pips ✅ /  / Move SL to your entry now 💰
tradesmartacademy,3448,2026-04-23 12:02:06,sl,4750.0,Move all gold stoplosses to 4750
tradesmartacademy,3476,2026-04-24 11:09:38,sl,4735.0,Move all gold stoplosses to 4735
tradesmartacademy,3545,2026-04-27 14:37:11,sl,entry,TP1 SMASHED +50 Pips ✅ /  / Move SL to your entry now 💰
tradesmartacademy,3559,2026-04-28 11:01:45,sl,entry,TP1 SMASHED +50 Pips ✅ /  / Move SL to your entry now 💰
tradesmartacademy,3563,2026-04-28 13:48:43,sl,4630.0,Move your gold stoplosses to 4630 we might do a counter trade soon. /  / Be ready.
tradesmartacademy,3572,2026-04-28 15:15:51,sl,entry,TP1 SMASHED +50 Pips ✅ /  / Move SL to your entry now 💰
tradesmartacademy,3575,2026-04-29 09:43:40,sl,entry,TP1 SMASHED +50 Pips ✅ /  / Move SL to your entry now 💰
tradesmartacademy,3636,2026-04-30 10:31:47,sl,entry,TP1 SMASHED +50 Pips ✅ /  / Move SL to your entry now 💰
tradesmartacademy,3653,2026-04-30 18:07:35,sl,4660.0,Move all gold stoplosses to 4660. /  / Be patient for the targets.
tradesmartacademy,3673,2026-05-01 12:24:42,sl,4625.0,MOVE ALL GOLD STOPLOSSES TO 4625
tradesmartacademy,3715,2026-05-04 12:38:42,sl,entry,TP1 SMASHED +50 Pips ✅ /  / Move SL to your entry now 💰
tradesmartacademy,3745,2026-05-05 14:33:36,sl,entry,TP1 SMASHED +50 Pips ✅ /  / Move SL to your entry now 💰
tradesmartacademy,3749,2026-05-05 16:02:55,sl,4535.0,Move your gold stoplosses to 4535 /  / Time for a counter trade
tradesmartacademy,3834,2026-05-08 13:51:53,close,buy,"Close the gold sells, let's buy"
tradesmartacademy,3865,2026-05-11 10:51:05,sl,4695.0,Alright.. gold wants to play a little game here… /  / Move your gold stoplosses to 4
tradesmartacademy,3884,2026-05-11 13:20:03,sl,4755.0,Move your SL to 4755 /  / BE READY FOR THE BIG DROP!
tradesmartacademy,3897,2026-05-11 14:51:07,sl,4760.0,MOVE GOLD STOPLOSS TO 4760 /  / COUNTER TRADE INCOMING. /  / WILL BE ANOTHER JACKPOT.
tradesmartacademy,3906,2026-05-11 18:41:52,sl,4750.0,Move your gold stoplosses to 4750 /  / Be ready for a counter trade.
tradesmartacademy,3920,2026-05-12 11:40:56,sl,4730.0,Move your SL to 4730 /  / I am gonna do a BIG counter. /  / Gold is GONNA DROP hard!
tradesmartacademy,3924,2026-05-12 12:17:40,sl,4740.0,There will be CPI news in 15 minutes. /  / Markets will shake so let’s move our gold
tradesmartacademy,3942,2026-05-12 13:35:18,sl,entry,TP1 SMASHED +50 Pips ✅ /  / Move SL to your entry now 💰
tradesmartacademy,3950,2026-05-12 15:13:48,sl,entry,TP1 SMASHED +50 Pips ✅ /  / Move SL to your entry now 💰
tradesmartacademy,3959,2026-05-12 15:33:45,sl,4700.0,Move your gold stoploss to 4700 /  / Be ready for the counter. /  / We will go for the j
tradesmartacademy,3978,2026-05-13 10:07:37,sl,4730.0,Move ALL gold positions SL to 4730. /  / Wait patiently for the targets. They will b
tradesmartacademy,3991,2026-05-13 12:17:14,sl,entry,TP1 SMASHED +50 Pips ✅ /  / Move SL to your entry now 💰
tradesmartacademy,4002,2026-05-13 13:42:17,sl,entry,TP1 SMASHED +50 Pips ✅ /  / Move SL to your entry now 💰
tradesmartacademy,4038,2026-05-14 12:15:55,sl,4735.0,Move gold stoploss to 4735 just to be safe from wicks. /  / News is coming. Let’s be
tradesmartacademy,4078,2026-05-15 13:23:41,sl,4575.0,Move your gold stoploss to 4575. /  / This is to be safe from any kind of liquidity 
tradesmartacademy,4244,2026-05-22 09:54:31,sl,4550.0,Move SL to 4550
tradesmartacademy,4309,2026-05-23 07:59:31,sl,entry,TP1 SMASHED +200 Pips ✅ /  / Move SL to your entry now 💰
tradesmartacademy,4398,2026-05-27 10:48:46,sl,4425.0,Move SL to 4425 /  / New counter trade incoming.
tradesmartacademy,4400,2026-05-27 12:01:58,sl,4415.0,Move gold stoploss for the last time to 4415 /  / Expecting to see a strong reversal
tradesmartacademy,4440,2026-05-28 16:31:08,sl,4535.0,Move stoploss to 4535 /  / Ready for a counter trade?
tradesmartacademy,4471,2026-05-29 14:31:01,sl,4500.0,Use double lotsize /  / Move all gold stoplosses to 4500
tradesmartacademy,4505,2026-05-30 16:21:48,sl,entry,TP1 SMASHED +200 Pips ✅ /  / Move SL to your entry now 💰
tradesmartacademy,4526,2026-06-01 10:35:12,sl,4530.0,Let's move our SL to 4530 /  / Be ready for a counter trade.
tradesmartacademy,4612,2026-06-03 15:25:18,sl,entry,TP1 SMASHED +50 Pips ✅ /  / Move SL to your entry now 💰
tradesmartacademy,4733,2026-06-06 10:34:06,sl,entry,TP1 SMASHED +200 Pips ✅ /  / Move SL to your entry now 💰
tradesmartacademy,4762,2026-06-08 12:34:28,sl,entry,TP1 SMASHED +100 Pips ✅ /  / DOUBLE LOT SIZE TRADE 🔥🔥 /  / Move SL to your entry now 💰
tradesmartacademy,4770,2026-06-08 15:58:32,sl,entry,TP1 SMASHED +80 Pips ✅ /  / DOUBLE LOT SIZE TRADE 🔥🔥 /  / Move SL to your entry now 💰
tradesmartacademy,4876,2026-06-10 17:56:46,sl,entry,TP1 SMASHED +40 Pips ✅ /  / Move SL to your entry now 💰
tradesmartacademy,4929,2026-06-11 13:46:41,sl,entry,TP1 SMASHED +100 Pips ✅ /  / DOUBLE LOT SIZE TRADE 🔥🔥 /  / Move SL to your entry now 💰
tradesmartacademy,4962,2026-06-12 13:50:36,sl,entry,TP1 SMASHED +40 Pips ✅ /  / Move SL to your entry now 💰
tradesmartacademy,4994,2026-06-15 06:51:21,sl,entry,TP1 SMASHED +40 Pips ✅ /  / Move SL to your entry now 💰
tradesmartacademy,5007,2026-06-15 16:31:52,sl,4315.0,Damn… that’s some heavy bearish pressure. /  / Move your stoploss to 4315. /  / Still ex
tradesmartacademy,5016,2026-06-16 09:01:01,sl,entry,TP1 SMASHED +80 Pips ✅ /  / DOUBLE LOT SIZE TRADE 🔥🔥 /  / Move SL to your entry now 💰
tradesmartacademy,5030,2026-06-16 16:11:02,sl,4367.0,Gold is pumping. /  / Move your SL to 4367. /  / Be ready for the jackpot counter trade.
tradesmartacademy,5179,2026-06-19 17:10:42,sl,entry,TP1 SMASHED +80 Pips ✅ /  / DOUBLE LOT SIZE TRADE 🔥🔥 /  / Move SL to your entry now 💰
tradesmartacademy,5226,2026-06-22 13:54:56,sl,entry,TP1 SMASHED +40 Pips ✅ /  / Move SL to your entry now 💰
tradesmartacademy,5289,2026-06-24 10:03:26,sl,entry,TP1 & 2 SMASHED +100 Pips ✅ /  / Move SL to your entry now 💰
tradesmartacademy,5345,2026-06-25 11:24:06,sl,entry,TP1 SMASHED +40 Pips ✅ /  / Move SL to your entry now 💰
tradesmartacademy,5359,2026-06-25 18:20:23,sl,entry,TP1 SMASHED +80 Pips ✅ /  / DOUBLE LOT SIZE TRADE 🔥🔥 /  / Move SL to your entry now 💰
tradesmartacademy,5388,2026-06-26 13:01:45,sl,entry,TP1 & 2 SMASHED +100 Pips ✅ /  / Move SL to your entry now 💰
tradesmartacademy,5424,2026-06-29 14:08:12,sl,3990.0,Move sl to 3990 to be safe from wicks
tradesmartacademy,5462,2026-06-30 12:22:42,sl,entry,TP1 & 2 SMASHED +100 Pips ✅ /  / Move SL to your entry now 💰
tradesmartacademy,5507,2026-07-01 14:32:08,sl,entry,TP1 & 2 SMASHED +200 Pips ✅ /  / DOUBLE LOT SIZE TRADE 🔥🔥 /  / Move SL to your entry now
tradesmartacademy,5516,2026-07-01 16:45:30,sl,entry,TP1 & 2 SMASHED +100 Pips ✅ /  / Move SL to your entry now 💰
tradesmartacademy,5533,2026-07-02 14:59:52,sl,entry,TP1 & 2 SMASHED +100 Pips ✅ /  / Move SL to your entry now 💰
tradesmartacademy,5581,2026-07-03 14:40:39,sl,entry,TP1 & 2 SMASHED +160 Pips ✅ /  / DOUBLE LOT SIZE TRADE 🔥🔥 /  / Move SL to your entry now
tradesmartacademy,5628,2026-07-07 11:49:27,sl,4175.0,Let's move our SL to 4175 /  / We will set a counter trade for the jackpot
tradesmartacademy,5658,2026-07-07 20:22:22,sl,entry,TP1 & 2 SMASHED +100 Pips ✅ /  / Move SL to your entry now 💰
tradesmartacademy,5672,2026-07-08 12:23:38,sl,4100.0,Gold is getting manipulated hard right now.  /  / But make no mistake it's coming do
tradesmartacademy,5687,2026-07-08 18:22:28,sl,entry,TP1 & 2 SMASHED +200 Pips ✅ /  / DOUBLE LOT SIZE TRADE 🔥🔥 /  / Move SL to your entry now
tradesmartacademy,5703,2026-07-09 12:10:09,sl,entry,TP1 & 2 SMASHED +100 Pips ✅ /  / Move SL to your entry now 💰
tradesmartacademy,5720,2026-07-09 16:33:28,sl,entry,TP1 & 2 SMASHED +100 Pips ✅ /  / Move SL to your entry now 💰
tradesmartacademy,5831,2026-07-14 12:05:26,sl,entry,TP1 & 2 SMASHED +100 Pips ✅ /  / Move SL to your entry now 💰
tradesmartacademy,5968,2026-07-24 15:32:14,sl,entry,TP1 & 2 SMASHED +100 Pips ✅ /  / Move SL to your entry now 💰
tradesmartacademy,6067,2026-07-30 13:48:57,sl,entry,TP1 & 2 SMASHED +100 Pips ✅ /  / Move SL to your entry now 💰
tradesmartacademy,6123,2026-07-31 13:02:21,sl,entry,TP1 & 2 SMASHED +100 Pips ✅ /  / Move SL to your entry now 💰
tradesmartacademy,6140,2026-07-31 17:54:01,sl,4070.0,Move your gold stoplosses to 4070 to be safe from wicks.
tradesmartacademy,6168,2026-08-03 15:15:52,sl,entry,TP1 & 2 SMASHED +200 Pips ✅ /  / DOUBLE LOT SIZE TRADE 🔥🔥 /  / Move SL to your entry now
tradesmartacademy,6172,2026-08-03 19:16:50,sl,4070.0,Move all gold stoplosses to 4070. /  / Let’s counter!
tradesmartacademy,6211,2026-08-05 14:36:10,sl,entry,TP1 & 2 SMASHED +200 Pips ✅ /  / DOUBLE LOT SIZE TRADE 🔥🔥 /  / Move SL to your entry now
tradesmartacademy,6246,2026-08-06 13:32:30,sl,4270.0,ENTER THIS COUNTER TRADE /  / MOVE ALL GOLD STOPLOSSES TO 4270 /  / TIME FOR THE JACKPOT
tradesmartacademy,6250,2026-08-06 15:26:23,sl,entry,TP1 & 2 SMASHED +200 Pips ✅ /  / DOUBLE LOT SIZE TRADE 🔥🔥 /  / Move SL to your entry now
tradesmartacademy,6336,2026-08-12 12:24:58,sl,4375.0,Let's move the gold stoplosses to 4375 to be safe from any wicks
tradesmartacademy,6355,2026-08-12 15:10:46,sl,entry,TP1 & 2 SMASHED +100 Pips ✅ /  / Move SL to your entry now 💰
tradesmartacademy,6358,2026-08-12 17:38:03,sl,entry,TP1 & 2 SMASHED +100 Pips ✅ /  / Move SL to your entry now 💰
tradesmartacademy,6406,2026-08-13 13:47:04,sl,entry,TP1 & 2 SMASHED +100 Pips ✅ /  / Move SL to your entry now 💰
tradesmartacademy,6426,2026-08-14 17:48:06,sl,entry,TP1 & 2 SMASHED +200 Pips ✅ /  / DOUBLE LOT SIZE TRADE 🔥🔥 /  / Move SL to your entry now
tradesmartacademy,6499,2026-08-17 18:38:36,sl,4375.0,Move your stoplosses to 4375. /  / Amother LAYER TRADE is coming shortly.
tradesmartacademy,6524,2026-08-18 17:59:26,sl,entry,TP1 & 2 SMASHED +100 Pips ✅ /  / Move SL to your entry now 💰
tradesmartacademy,6569,2026-08-20 16:19:58,sl,entry,TP1 & 2 SMASHED +100 Pips ✅ /  / Move SL to your entry now 💰
tradesmartacademy,6627,2026-08-21 12:23:43,sl,entry,TP1 & 2 SMASHED +200 Pips ✅ /  / DOUBLE LOT SIZE TRADE 🔥🔥 /  / Move SL to your entry now
tradesmartacademy,6637,2026-08-21 15:09:12,sl,4615.0,Move your SL to 4615
tradesmartacademy,6638,2026-08-21 15:29:36,close,sell,Close gold sells here. /  / Accept the loss. /  / Looks like it wants to pump more.
tradesmartacademy,6667,2026-08-23 08:55:33,sl,entry,TP1 & 2 SMASHED +700 Pips ✅ /  / Move SL to your entry now 💰
tradesmartacademy,6725,2026-08-27 13:20:35,sl,entry,TP1 & 2 SMASHED +100 Pips ✅ /  / Move SL to your entry now 💰
tradesmartacademy,6779,2026-09-01 16:37:41,close,buy,Close the gold buys in a loss here
tradesmartacademy,6924,2026-09-07 07:42:37,close,buy,Close gold buys with a small loss.
tradesmartacademy,6929,2026-09-07 08:03:12,sl,4425.0,Open new counter gold sells. /  / Move all gold stoplosses to 4425. /  / We either gonna
tradesmartacademy,6930,2026-09-07 08:16:39,sl,4430.0,Move gold stoplosses one more time to 4430.
tradesmartacademy,6937,2026-09-07 09:42:41,close,buy,Close all gold sell positions if you have them. /  / We will go back to buys.
tradesmartacademy,6973,2026-09-08 09:18:20,sl,4420.0,Move gold stoploss to 4420 /  / Be ready for the counter trade.
tradesmartacademy,6997,2026-09-09 07:48:39,close,buy,"Close gold sells, with a small loss. /  / Open gold buys. /  / Double lotsize."
tradesmartacademy,7003,2026-09-09 09:56:34,sl,4368.0,MOVE ALL YOUR GOLD STOPLOSSES TO 4368 /  / IT WANTS TO GO FOR DOWNSIDE LIQUIDITY. /  / W
tradesmartacademy,7027,2026-09-09 14:32:23,sl,entry,TP1 & 2 SMASHED +100 Pips ✅ /  / Move SL to your entry now 💰
tradesmartacademy,7033,2026-09-09 14:57:03,sl,4390.0,Move gold stoplosses to 4390 to be safe from wicks.
tradesmartacademy,7039,2026-09-09 15:23:28,sl,entry,TP1 & 2 SMASHED +100 Pips ✅ /  / Move SL to your entry now 💰
tradesmartacademy,7096,2026-09-10 08:35:59,sl,entry,TP1 & 2 SMASHED +100 Pips ✅ /  / Move SL to your entry now 💰
tradesmartacademy,7102,2026-09-10 10:18:16,sl,4420.0,Move gold stoploss to 4420 to be safe from wicks & make room for a jackpot count
tradesmartacademy,7113,2026-09-10 10:59:41,sl,entry,TP1 & 2 SMASHED +100 Pips ✅ /  / Move SL to your entry now 💰
tradesmartacademy,7130,2026-09-10 13:31:33,sl,entry,TP1 SMASHED +40 Pips ✅ /  / Move SL to your entry now 💰
tradesmartacademy,7171,2026-09-11 12:40:51,sl,4380.0,Move all gold stoplosses to 4380
tradesmartacademy,7175,2026-09-11 12:52:24,sl,4390.0,Move stoploss one last time to 4390.
tradesmartacademy,7230,2026-09-11 17:59:44,sl,entry,TP1 & 2 SMASHED +100 Pips ✅ /  / Move SL to your entry now 💰
tradesmartacademy,7285,2026-09-14 12:36:56,sl,4360.0,Move SL to 4360 be ready for counter trade.
tradesmartacademy,7286,2026-09-14 13:04:56,close,buy,Close all gold buys /  / OPEN NEW GOLD SELLS /  / DOUBLE LOT
tradesmartacademy,7306,2026-09-14 14:10:12,sl,entry,TP1 & 2 SMASHED +100 Pips ✅ /  / Move SL to your entry now 💰
tradesmartacademy,7313,2026-09-14 15:42:16,sl,4315.0,Move all gold stoplosses to 4315 /  / Looks like gold wants to do a liquidity sweep.
tradesmartacademy,7329,2026-09-15 12:57:31,sl,entry,TP1 & 2 SMASHED +100 Pips ✅ /  / Move SL to your entry now 💰
tradesmartacademy,7356,2026-09-17 10:53:06,sl,4330.0,MOVE SL TO 4330
tradesmartacademy,7358,2026-09-17 11:03:53,sl,4335.0,MOVE GOLd STOPLOSS TO 4335 /  / ONE LAST TIME
tradesmartacademy,7382,2026-09-17 13:43:56,close,buy,Close the gold buys here with a loss.
tradesmartacademy,7403,2026-09-21 11:36:57,sl,4375.0,Move SL to 4375
tradesmartacademy,7405,2026-09-21 11:44:08,sl,4379.0,Move all gold stoplosses to 4379.
tradesmartacademy,7414,2026-09-22 13:54:55,sl,4320.0,Move SL to 4320
tradesmartacademy,7444,2026-09-24 13:08:27,sl,entry,TP 1 hit /  / + 80 pips profit /  / Move sl to entry
tradesmartacademy,7449,2026-09-25 11:24:36,sl,entry,TP 1 & 2 hit /  / + 200 pips profit /  / Move sl to entry
tradesmartacademy,7517,2026-09-30 11:40:48,sl,4205.0,Move SL to 4205
tradesmartacademy,7531,2026-09-30 14:30:55,sl,4150.0,Move SL to 4150
tradesmartacademy,7537,2026-10-01 12:07:08,close,,CLOSE TP2 +220 Pips ✅
tradesmartacademy,7542,2026-10-01 13:20:10,close,,Gold is going down legends… /  / Close it with a small loss here. /  / I will give you a
tradesmartacademy,7543,2026-10-01 13:20:20,close,,Accept the - 40 pips loss here and close at 4174.
tradesmartacademy,7556,2026-10-01 18:07:34,close,,CLOSE TP2 +200 Pips ✅
tradesmartacademy,7626,2026-10-06 09:33:01,sl,entry,TP1 & 2 SMASHED +150 Pips ✅🔥 /  / Move SL to your entry now 💰
tradesmartacademy,7637,2026-10-06 14:27:01,sl,4130.0,Move all gold stoplosses to 4130
tradesmartacademy,7666,2026-10-06 20:39:07,sl,4140.0,Move your stoploss to 4140 /  / Let’s place a buy limit  /  / Expecting price to push up
tsafreetrades,26,2026-05-11 10:51:05,sl,4695.0,Alright.. gold wants to play a little game here… /  / Move your gold stoplosses to 4
tsafreetrades,45,2026-05-11 13:20:03,sl,4755.0,Move your SL to 4755 /  / BE READY FOR THE BIG DROP!
tsafreetrades,58,2026-05-11 14:51:07,sl,4760.0,MOVE GOLD STOPLOSS TO 4760 /  / COUNTER TRADE INCOMING. /  / WILL BE ANOTHER JACKPOT.
tsafreetrades,67,2026-05-11 18:41:52,sl,4750.0,Move your gold stoplosses to 4750 /  / Be ready for a counter trade.
tsafreetrades,81,2026-05-12 11:40:56,sl,4730.0,Move your SL to 4730 /  / I am gonna do a BIG counter. /  / Gold is GONNA DROP hard!
tsafreetrades,85,2026-05-12 12:17:40,sl,4740.0,There will be CPI news in 15 minutes. /  / Markets will shake so let’s move our gold
tsafreetrades,102,2026-05-12 13:35:16,sl,entry,TP1 SMASHED +50 Pips ✅ /  / Move SL to your entry now 💰
tsafreetrades,112,2026-05-12 15:13:50,sl,entry,TP1 SMASHED +50 Pips ✅ /  / Move SL to your entry now 💰
tsafreetrades,120,2026-05-12 15:33:45,sl,4700.0,Move your gold stoploss to 4700 /  / Be ready for the counter. /  / We will go for the j
tsafreetrades,139,2026-05-13 10:07:37,sl,4730.0,Move ALL gold positions SL to 4730. /  / Wait patiently for the targets. They will b
tsafreetrades,154,2026-05-13 12:17:18,sl,entry,TP1 SMASHED +50 Pips ✅ /  / Move SL to your entry now 💰
tsafreetrades,164,2026-05-13 13:42:19,sl,entry,TP1 SMASHED +50 Pips ✅ /  / Move SL to your entry now 💰
tsafreetrades,199,2026-05-14 12:15:55,sl,4735.0,Move gold stoploss to 4735 just to be safe from wicks. /  / News is coming. Let’s be
tsafreetrades,239,2026-05-15 13:23:41,sl,4575.0,Move your gold stoploss to 4575. /  / This is to be safe from any kind of liquidity 
tsafreetrades,312,2026-05-19 12:11:07,sl,entry,TP1 SMASHED +50 Pips ✅ /  / Move SL to your entry now 💰
tsafreetrades,367,2026-05-20 18:03:39,sl,entry,"Move SL to entry.  /  / High impact news, so don’t want to risk it here."
tsafreetrades,369,2026-05-21 02:16:03,sl,entry,TP1 SMASHED +50 Pips ✅ /  / Move SL to your entry now 💰
tsafreetrades,391,2026-05-21 13:00:42,sl,entry,TP1 SMASHED +50 Pips ✅ /  / Move SL to your entry now 💰
tsafreetrades,404,2026-05-22 09:55:47,sl,4550.0,Move SL to 4550
tsafreetrades,409,2026-05-22 10:23:02,sl,entry,TP1 SMASHED +50 Pips ✅ /  / Move SL to your entry now 💰
tsafreetrades,429,2026-05-22 13:37:43,sl,entry,TP1 SMASHED +50 Pips ✅ /  / Move SL to your entry now 💰
tsafreetrades,465,2026-05-23 07:59:30,sl,entry,TP1 SMASHED +200 Pips ✅ /  / Move SL to your entry now 💰
tsafreetrades,520,2026-05-26 03:24:43,sl,entry,TP1 SMASHED +50 Pips ✅ /  / Move SL to your entry now 💰
tsafreetrades,551,2026-05-27 07:16:04,sl,entry,TP1 SMASHED +50 Pips ✅ /  / Move SL to your entry now 💰
tsafreetrades,554,2026-05-27 10:48:46,sl,4425.0,Move SL to 4425 /  / New counter trade incoming.
tsafreetrades,556,2026-05-27 12:01:58,sl,4415.0,Move gold stoploss for the last time to 4415 /  / Expecting to see a strong reversal
tsafreetrades,572,2026-05-27 17:11:50,sl,entry,TP1 SMASHED +50 Pips ✅ /  / Move SL to your entry now 💰
tsafreetrades,581,2026-05-28 08:41:47,sl,entry,🟢 WELCOME TRADERS - We’re excited to have you here! You’ll get daily free tradin
tsafreetrades,598,2026-05-28 16:31:08,sl,4535.0,Move stoploss to 4535 /  / Ready for a counter trade?
tsafreetrades,617,2026-05-29 13:06:50,sl,entry,TP1 SMASHED +50 Pips ✅ /  / Move SL to your entry now 💰
tsafreetrades,629,2026-05-29 14:31:01,sl,4500.0,Use double lotsize /  / Move all gold stoplosses to 4500
tsafreetrades,630,2026-05-29 14:32:50,sl,entry,TP1 SMASHED +50 Pips ✅ /  / Move SL to your entry now 💰
tsafreetrades,631,2026-05-29 14:52:12,sl,entry,TP1 SMASHED +50 Pips ✅ /  / Move SL to your entry now 💰
tsafreetrades,664,2026-05-30 16:21:50,sl,entry,TP1 SMASHED +200 Pips ✅ /  / Move SL to your entry now 💰
tsafreetrades,684,2026-06-01 10:35:12,sl,4530.0,Let's move our SL to 4530 /  / Be ready for a counter trade.
tsafreetrades,686,2026-06-01 13:14:04,sl,entry,TP1 SMASHED +50 Pips ✅ /  / Move SL to your entry now 💰
tsafreetrades,720,2026-06-02 16:31:01,sl,entry,TP1 SMASHED +50 Pips ✅ /  / Move SL to your entry now 💰
tsafreetrades,743,2026-06-03 10:24:45,sl,entry,TP1 SMASHED +40 Pips ✅ /  / Move SL to your entry now 💰
tsafreetrades,765,2026-06-03 14:21:48,sl,entry,TP1 SMASHED +50 Pips ✅ /  / Move SL to your entry now 💰
tsafreetrades,768,2026-06-03 15:25:16,sl,entry,TP1 SMASHED +50 Pips ✅ /  / Move SL to your entry now 💰
tsafreetrades,797,2026-06-04 10:27:14,sl,entry,TP1 SMASHED +50 Pips ✅ /  / Move SL to your entry now 💰
tsafreetrades,869,2026-06-06 10:34:06,sl,entry,TP1 SMASHED +200 Pips ✅ /  / Move SL to your entry now 💰
tsafreetrades,898,2026-06-08 12:34:28,sl,entry,TP1 SMASHED +100 Pips ✅ /  / DOUBLE LOT SIZE TRADE 🔥🔥 /  / Move SL to your entry now 💰
tsafreetrades,901,2026-06-08 13:31:35,sl,entry,TP1 SMASHED +80 Pips ✅ /  / DOUBLE LOT SIZE TRADE 🔥🔥 /  / Move SL to your entry now 💰
tsafreetrades,907,2026-06-08 15:58:34,sl,entry,TP1 SMASHED +80 Pips ✅ /  / DOUBLE LOT SIZE TRADE 🔥🔥 /  / Move SL to your entry now 💰
tsafreetrades,917,2026-06-09 05:48:05,sl,entry,TP1 SMASHED +40 Pips ✅ /  / Move SL to your entry now 💰
tsafreetrades,1012,2026-06-10 17:56:46,sl,entry,TP1 SMASHED +40 Pips ✅ /  / Move SL to your entry now 💰
tsafreetrades,1066,2026-06-11 13:46:43,sl,entry,TP1 SMASHED +100 Pips ✅ /  / DOUBLE LOT SIZE TRADE 🔥🔥 /  / Move SL to your entry now 💰
tsafreetrades,1072,2026-06-11 15:47:35,sl,entry,TP1 SMASHED +80 Pips ✅ /  / DOUBLE LOT SIZE TRADE 🔥🔥 /  / Move SL to your entry now 💰
tsafreetrades,1076,2026-06-11 16:14:21,sl,entry,TP1 SMASHED +40 Pips ✅ /  / Move SL to your entry now 💰
tsafreetrades,1099,2026-06-12 13:50:39,sl,entry,TP1 SMASHED +40 Pips ✅ /  / Move SL to your entry now 💰
tsafreetrades,1130,2026-06-15 06:51:21,sl,entry,TP1 SMASHED +40 Pips ✅ /  / Move SL to your entry now 💰
tsafreetrades,1143,2026-06-15 16:31:52,sl,4315.0,Damn… that’s some heavy bearish pressure. /  / Move your stoploss to 4315. /  / Still ex
tsafreetrades,1153,2026-06-16 09:01:03,sl,entry,TP1 SMASHED +80 Pips ✅ /  / DOUBLE LOT SIZE TRADE 🔥🔥 /  / Move SL to your entry now 💰
tsafreetrades,1156,2026-06-16 12:52:30,sl,entry,TP1 SMASHED +40 Pips ✅ /  / Move SL to your entry now 💰
tsafreetrades,1160,2026-06-16 14:28:43,sl,entry,TP1 SMASHED +40 Pips ✅ /  / Move SL to your entry now 💰
tsafreetrades,1166,2026-06-16 16:11:02,sl,4367.0,Gold is pumping. /  / Move your SL to 4367. /  / Be ready for the jackpot counter trade.
tsafreetrades,1175,2026-06-17 08:33:29,sl,entry,TP1 SMASHED +40 Pips ✅ /  / Move SL to your entry now 💰
tsafreetrades,1182,2026-06-17 17:37:03,sl,entry,TP1 SMASHED +80 Pips ✅ /  / DOUBLE LOT SIZE TRADE 🔥🔥 /  / Move SL to your entry now 💰
tsafreetrades,1208,2026-06-18 10:52:46,sl,entry,TP1 SMASHED +40 Pips ✅ /  / Move SL to your entry now 💰
tsafreetrades,1290,2026-06-19 12:55:41,sl,entry,TP1 SMASHED +40 Pips ✅ /  / Move SL to your entry now 💰
tsafreetrades,1292,2026-06-19 14:25:21,sl,entry,TP1 SMASHED +80 Pips ✅ /  / DOUBLE LOT SIZE TRADE 🔥🔥 /  / Move SL to your entry now 💰
tsafreetrades,1303,2026-06-19 17:10:42,sl,entry,TP1 SMASHED +80 Pips ✅ /  / DOUBLE LOT SIZE TRADE 🔥🔥 /  / Move SL to your entry now 💰
tsafreetrades,1347,2026-06-22 13:54:54,sl,entry,TP1 SMASHED +40 Pips ✅ /  / Move SL to your entry now 💰
tsafreetrades,1379,2026-06-23 13:04:46,sl,entry,TP1 SMASHED +40 Pips ✅ /  / Move SL to your entry now 💰
tsafreetrades,1390,2026-06-23 18:32:20,sl,entry,TP1 SMASHED +40 Pips ✅ /  / Move SL to your entry now 💰
tsafreetrades,1404,2026-06-24 09:08:14,sl,entry,TP1 SMASHED +40 Pips ✅ /  / Move SL to your entry now 💰
tsafreetrades,1412,2026-06-24 10:03:28,sl,entry,TP1 & 2 SMASHED +100 Pips ✅ /  / Move SL to your entry now 💰
tsafreetrades,1420,2026-06-24 15:54:55,sl,entry,TP1 & 2 SMASHED +100 Pips ✅ /  / Move SL to your entry now 💰
tsafreetrades,1467,2026-06-25 11:24:06,sl,entry,TP1 SMASHED +40 Pips ✅ /  / Move SL to your entry now 💰
tsafreetrades,1481,2026-06-25 18:20:23,sl,entry,TP1 SMASHED +80 Pips ✅ /  / DOUBLE LOT SIZE TRADE 🔥🔥 /  / Move SL to your entry now 💰
tsafreetrades,1497,2026-06-26 08:21:12,sl,entry,TP1 SMASHED +40 Pips ✅ /  / Move SL to your entry now 💰
tsafreetrades,1501,2026-06-26 11:02:22,sl,entry,TP1 SMASHED +40 Pips ✅ /  / Move SL to your entry now 💰
tsafreetrades,1511,2026-06-26 13:01:47,sl,entry,TP1 & 2 SMASHED +100 Pips ✅ /  / Move SL to your entry now 💰
tsafreetrades,1546,2026-06-29 14:08:12,sl,3990.0,Move sl to 3990 to be safe from wicks
tsafreetrades,1547,2026-06-29 14:43:49,close,buy,Close the gold buy - 70 pips.
tsafreetrades,1574,2026-06-30 08:13:32,sl,entry,TP1 SMASHED +40 Pips ✅ /  / Move SL to your entry now 💰
tsafreetrades,1583,2026-06-30 12:22:39,sl,entry,TP1 & 2 SMASHED +100 Pips ✅ /  / Move SL to your entry now 💰
tsafreetrades,1588,2026-06-30 19:24:43,sl,entry,TP1 SMASHED +40 Pips ✅ /  / Move SL to your entry now 💰
tsafreetrades,1612,2026-07-01 12:35:05,sl,entry,TP1 & 2 SMASHED +200 Pips ✅ /  / DOUBLE LOT SIZE TRADE 🔥🔥 /  / Move SL to your entry now
tsafreetrades,1627,2026-07-01 14:32:08,sl,entry,TP1 & 2 SMASHED +200 Pips ✅ /  / DOUBLE LOT SIZE TRADE 🔥🔥 /  / Move SL to your entry now
tsafreetrades,1636,2026-07-01 16:45:30,sl,entry,TP1 & 2 SMASHED +100 Pips ✅ /  / Move SL to your entry now 💰
tsafreetrades,1653,2026-07-02 14:59:52,sl,entry,TP1 & 2 SMASHED +100 Pips ✅ /  / Move SL to your entry now 💰
tsafreetrades,1701,2026-07-03 14:40:39,sl,entry,TP1 & 2 SMASHED +160 Pips ✅ /  / DOUBLE LOT SIZE TRADE 🔥🔥 /  / Move SL to your entry now
tsafreetrades,1738,2026-07-07 02:49:06,sl,entry,TP1 & 2 SMASHED +100 Pips ✅ /  / Move SL to your entry now 💰
tsafreetrades,1748,2026-07-07 11:49:27,sl,4175.0,Let's move our SL to 4175 /  / We will set a counter trade for the jackpot
tsafreetrades,1777,2026-07-07 20:22:20,sl,entry,TP1 & 2 SMASHED +100 Pips ✅ /  / Move SL to your entry now 💰
tsafreetrades,1787,2026-07-08 10:29:48,sl,entry,TP1 SMASHED +40 Pips ✅ /  / Move SL to your entry now 💰
tsafreetrades,1791,2026-07-08 12:15:00,sl,4090.0,Let's move all gold stoplosses to 4090.
tsafreetrades,1792,2026-07-08 12:23:38,sl,4100.0,Gold is getting manipulated hard right now.  /  / But make no mistake it's coming do
tsafreetrades,1796,2026-07-08 14:51:03,sl,entry,TP1 & 2 SMASHED +100 Pips ✅ /  / Move SL to your entry now 💰
tsafreetrades,1807,2026-07-08 18:22:28,sl,entry,TP1 & 2 SMASHED +200 Pips ✅ /  / DOUBLE LOT SIZE TRADE 🔥🔥 /  / Move SL to your entry now
tsafreetrades,1823,2026-07-09 12:10:09,sl,entry,TP1 & 2 SMASHED +100 Pips ✅ /  / Move SL to your entry now 💰
tsafreetrades,1829,2026-07-09 15:04:42,sl,entry,TP1 SMASHED +40 Pips ✅ /  / Move SL to your entry now 💰
tsafreetrades,1841,2026-07-09 16:33:30,sl,entry,TP1 & 2 SMASHED +100 Pips ✅ /  / Move SL to your entry now 💰
tsafreetrades,1866,2026-07-10 19:35:51,sl,entry,TP1 SMASHED +40 Pips ✅ /  / Move SL to your entry now 💰
tsafreetrades,1903,2026-07-13 12:57:50,sl,entry,TP1 SMASHED +40 Pips ✅ /  / Move SL to your entry now 💰
tsafreetrades,1930,2026-07-13 18:19:52,sl,entry,TP1 & 2 SMASHED +200 Pips ✅ /  / DOUBLE LOT SIZE TRADE 🔥🔥 /  / Move SL to your entry now
tsafreetrades,1952,2026-07-14 12:05:28,sl,entry,TP1 & 2 SMASHED +100 Pips ✅ /  / Move SL to your entry now 💰
tsafreetrades,1973,2026-07-15 12:59:00,sl,entry,TP1 & 2 SMASHED +200 Pips ✅ /  / DOUBLE LOT SIZE TRADE 🔥🔥 /  / Move SL to your entry now
tsafreetrades,1989,2026-07-16 12:26:05,sl,entry,TP1 SMASHED +80 Pips ✅ /  / DOUBLE LOT SIZE TRADE 🔥🔥 /  / Move SL to your entry now 💰
tsafreetrades,1992,2026-07-16 13:43:56,sl,entry,TP1 & 2 SMASHED +200 Pips ✅ /  / DOUBLE LOT SIZE TRADE 🔥🔥 /  / Move SL to your entry now
tsafreetrades,2029,2026-07-20 12:21:27,sl,entry,TP1 & 2 SMASHED +200 Pips ✅ /  / DOUBLE LOT SIZE TRADE 🔥🔥 /  / Move SL to your entry now
tsafreetrades,2041,2026-07-21 05:31:28,sl,entry,TP1 & 2 SMASHED +100 Pips ✅ /  / Move SL to your entry now 💰
tsafreetrades,2045,2026-07-21 12:48:49,sl,entry,TP1 & 2 SMASHED +200 Pips ✅ /  / DOUBLE LOT SIZE TRADE 🔥🔥 /  / Move SL to your entry now
tsafreetrades,2053,2026-07-22 08:02:11,sl,entry,TP1 & 2 SMASHED +100 Pips ✅ /  / Move SL to your entry now 💰
tsafreetrades,2068,2026-07-23 11:30:42,sl,entry,TP1 & 2 SMASHED +100 Pips ✅ /  / Move SL to your entry now 💰
tsafreetrades,2074,2026-07-24 05:41:58,sl,entry,TP1 & 2 SMASHED +100 Pips ✅ /  / Move SL to your entry now 💰
tsafreetrades,2087,2026-07-24 15:32:12,sl,entry,TP1 & 2 SMASHED +100 Pips ✅ /  / Move SL to your entry now 💰
tsafreetrades,2138,2026-07-27 13:33:49,sl,entry,TP1 & 2 SMASHED +100 Pips ✅ /  / Move SL to your entry now 💰
tsafreetrades,2164,2026-07-28 17:41:06,sl,entry,TP1 & 2 SMASHED +100 Pips ✅ /  / Move SL to your entry now 💰
tsafreetrades,2183,2026-07-30 09:57:24,sl,entry,TP1 SMASHED +40 Pips ✅ /  / Move SL to your entry now 💰
tsafreetrades,2185,2026-07-30 13:48:57,sl,entry,TP1 & 2 SMASHED +100 Pips ✅ /  / Move SL to your entry now 💰
tsafreetrades,2227,2026-07-31 12:34:06,sl,entry,TP1 & 2 SMASHED +100 Pips ✅ /  / Move SL to your entry now 💰
tsafreetrades,2231,2026-07-31 13:02:21,sl,entry,TP1 & 2 SMASHED +100 Pips ✅ /  / Move SL to your entry now 💰
tsafreetrades,2248,2026-07-31 17:54:01,sl,4070.0,Move your gold stoplosses to 4070 to be safe from wicks.
tsafreetrades,2267,2026-08-03 12:58:22,sl,entry,TP1 & 2 SMASHED +100 Pips ✅ /  / Move SL to your entry now 💰
tsafreetrades,2276,2026-08-03 15:15:52,sl,entry,TP1 & 2 SMASHED +200 Pips ✅ /  / DOUBLE LOT SIZE TRADE 🔥🔥 /  / Move SL to your entry now
tsafreetrades,2280,2026-08-03 19:16:50,sl,4070.0,Move all gold stoplosses to 4070. /  / Let’s counter!
tsafreetrades,2284,2026-08-04 08:38:06,sl,entry,TP1 & 2 SMASHED +100 Pips ✅ /  / Move SL to your entry now 💰
tsafreetrades,2296,2026-08-04 15:46:01,sl,entry,TP1 & 2 SMASHED +100 Pips ✅ /  / Move SL to your entry now 💰
tsafreetrades,2300,2026-08-04 16:51:15,sl,entry,TP1 & 2 SMASHED +100 Pips ✅ /  / Move SL to your entry now 💰
tsafreetrades,2319,2026-08-05 14:36:10,sl,entry,TP1 & 2 SMASHED +200 Pips ✅ /  / DOUBLE LOT SIZE TRADE 🔥🔥 /  / Move SL to your entry now
tsafreetrades,2330,2026-08-05 22:02:51,sl,entry,TP1 & 2 SMASHED +200 Pips ✅ /  / DOUBLE LOT SIZE TRADE 🔥🔥 /  / Move SL to your entry now
tsafreetrades,2336,2026-08-06 08:35:38,sl,entry,TP1 & 2 SMASHED +100 Pips ✅ /  / Move SL to your entry now 💰
tsafreetrades,2350,2026-08-06 12:33:26,sl,entry,TP1 & 2 SMASHED +100 Pips ✅ /  / Move SL to your entry now 💰
tsafreetrades,2354,2026-08-06 13:32:30,sl,4270.0,ENTER THIS COUNTER TRADE /  / MOVE ALL GOLD STOPLOSSES TO 4270 /  / TIME FOR THE JACKPOT
tsafreetrades,2358,2026-08-06 15:26:23,sl,entry,TP1 & 2 SMASHED +200 Pips ✅ /  / DOUBLE LOT SIZE TRADE 🔥🔥 /  / Move SL to your entry now
tsafreetrades,2361,2026-08-06 19:27:36,sl,entry,TP1 & 2 SMASHED +100 Pips ✅ /  / Move SL to your entry now 💰
tsafreetrades,2403,2026-08-11 11:06:48,sl,entry,TP1 & 2 SMASHED +100 Pips ✅ /  / Move SL to your entry now 💰
tsafreetrades,2430,2026-08-11 15:44:18,sl,entry,TP1 & 2 SMASHED +100 Pips ✅ /  / Move SL to your entry now 💰
tsafreetrades,2444,2026-08-12 12:24:58,sl,4375.0,Let's move the gold stoplosses to 4375 to be safe from any wicks
tsafreetrades,2450,2026-08-12 12:31:03,sl,entry,TP1 & 2 SMASHED +100 Pips ✅ /  / Move SL to your entry now 💰
tsafreetrades,2464,2026-08-12 15:10:48,sl,entry,TP1 & 2 SMASHED +100 Pips ✅ /  / Move SL to your entry now 💰
tsafreetrades,2467,2026-08-12 17:38:05,sl,entry,TP1 & 2 SMASHED +100 Pips ✅ /  / Move SL to your entry now 💰
tsafreetrades,2506,2026-08-13 13:47:04,sl,entry,TP1 & 2 SMASHED +100 Pips ✅ /  / Move SL to your entry now 💰
tsafreetrades,2521,2026-08-14 09:23:20,sl,entry,TP1 & 2 SMASHED +100 Pips ✅ /  / Move SL to your entry now 💰
tsafreetrades,2527,2026-08-14 17:48:08,sl,entry,TP1 & 2 SMASHED +200 Pips ✅ /  / DOUBLE LOT SIZE TRADE 🔥🔥 /  / Move SL to your entry now
tsafreetrades,2543,2026-08-17 12:28:08,sl,entry,TP1 & 2 SMASHED +100 Pips ✅ /  / Move SL to your entry now 💰
tsafreetrades,2589,2026-08-17 18:38:36,sl,4375.0,Move your stoplosses to 4375. /  / Amother LAYER TRADE is coming shortly.
tsafreetrades,2603,2026-08-18 11:49:38,sl,entry,TP1 SMASHED +40 Pips ✅ /  / Move SL to your entry now 💰
tsafreetrades,2613,2026-08-18 17:59:24,sl,entry,TP1 & 2 SMASHED +100 Pips ✅ /  / Move SL to your entry now 💰
tsafreetrades,2655,2026-08-20 16:19:58,sl,entry,TP1 & 2 SMASHED +100 Pips ✅ /  / Move SL to your entry now 💰
tsafreetrades,2658,2026-08-20 16:56:36,sl,entry,TP1 & 2 SMASHED +100 Pips ✅ /  / Move SL to your entry now 💰
tsafreetrades,2692,2026-08-21 08:21:20,sl,entry,TP1 & 2 SMASHED +100 Pips ✅ /  / Move SL to your entry now 💰
tsafreetrades,2704,2026-08-21 12:23:43,sl,entry,TP1 & 2 SMASHED +200 Pips ✅ /  / DOUBLE LOT SIZE TRADE 🔥🔥 /  / Move SL to your entry now
tsafreetrades,2714,2026-08-21 15:09:11,sl,4615.0,Move your SL to 4615
tsafreetrades,2715,2026-08-21 15:29:36,close,sell,Close gold sells here. /  / Accept the loss. /  / Looks like it wants to pump more.
tsafreetrades,2719,2026-08-21 15:35:43,sl,entry,TP1 & 2 SMASHED +200 Pips ✅ /  / DOUBLE LOT SIZE TRADE 🔥🔥 /  / Move SL to your entry now
tsafreetrades,2745,2026-08-23 08:55:35,sl,entry,TP1 & 2 SMASHED +700 Pips ✅ /  / Move SL to your entry now 💰
tsafreetrades,2753,2026-08-23 22:41:15,sl,entry,TP1 & 2 SMASHED +100 Pips ✅ /  / Move SL to your entry now 💰
tsafreetrades,2760,2026-08-24 10:10:18,sl,entry,TP1 & 2 SMASHED +100 Pips ✅ /  / Move SL to your entry now 💰
tsafreetrades,2763,2026-08-24 11:50:01,sl,entry,TP1 & 2 SMASHED +100 Pips ✅ /  / Move SL to your entry now 💰
tsafreetrades,2778,2026-08-25 19:16:53,sl,entry,TP1 & 2 SMASHED +100 Pips ✅ /  / Move SL to your entry now 💰
tsafreetrades,2790,2026-08-26 12:31:39,sl,entry,TP1 SMASHED +40 Pips ✅ /  / Move SL to your entry now 💰
tsafreetrades,2791,2026-08-26 12:32:34,sl,entry,TP1 & 2 SMASHED +100 Pips ✅ /  / Move SL to your entry now 💰
tsafreetrades,2799,2026-08-27 08:45:47,sl,entry,TP1 & 2 SMASHED +200 Pips ✅ /  / DOUBLE LOT SIZE TRADE 🔥🔥 /  / Move SL to your entry now
tsafreetrades,2802,2026-08-27 13:20:35,sl,entry,TP1 & 2 SMASHED +100 Pips ✅ /  / Move SL to your entry now 💰
tsafreetrades,2806,2026-08-28 08:53:49,sl,entry,TP1 & 2 SMASHED +100 Pips ✅ /  / Move SL to your entry now 💰
tsafreetrades,2812,2026-08-28 11:45:11,sl,entry,TP1 & 2 SMASHED +100 Pips ✅ /  / Move SL to your entry now 💰
tsafreetrades,2834,2026-08-31 10:02:42,sl,entry,TP1 SMASHED +40 Pips ✅ /  / Move SL to your entry now 💰
tsafreetrades,2856,2026-09-01 16:37:41,close,buy,Close the gold buys in a loss here
tsafreetrades,2860,2026-09-01 17:07:58,sl,entry,TP1 & 2 SMASHED +200 Pips ✅ /  / DOUBLE LOT SIZE TRADE 🔥🔥 /  / Move SL to your entry now
tsafreetrades,2875,2026-09-02 11:34:05,sl,entry,TP1 SMASHED +40 Pips ✅ /  / Move SL to your entry now 💰
tsafreetrades,2880,2026-09-02 13:24:13,sl,entry,TP1 & 2 SMASHED +100 Pips ✅ /  / Move SL to your entry now 💰
tsafreetrades,2897,2026-09-02 19:26:49,sl,entry,TP1 & 2 SMASHED +100 Pips ✅ /  / Move SL to your entry now 💰
tsafreetrades,2909,2026-09-03 08:21:56,sl,entry,TP1 SMASHED +40 Pips ✅ /  / Move SL to your entry now 💰
tsafreetrades,2930,2026-09-03 11:51:11,sl,entry,TP1 SMASHED +40 Pips ✅ /  / Move SL to your entry now 💰
tsafreetrades,2959,2026-09-04 13:44:46,sl,entry,TP1 & 2 SMASHED +100 Pips ✅ /  / Move SL to your entry now 💰
tsafreetrades,2978,2026-09-04 16:26:53,sl,entry,TP1 & 2 SMASHED +100 Pips ✅ /  / Move SL to your entry now 💰
tsafreetrades,2998,2026-09-07 07:42:37,close,buy,Close gold buys with a small loss.
tsafreetrades,3003,2026-09-07 08:03:12,sl,4425.0,Open new counter gold sells. /  / Move all gold stoplosses to 4425. /  / We either gonna
tsafreetrades,3004,2026-09-07 08:16:39,sl,4430.0,Move gold stoplosses one more time to 4430.
tsafreetrades,3007,2026-09-07 08:27:21,sl,entry,TP1 SMASHED +80 Pips ✅ /  / DOUBLE LOT SIZE TRADE 🔥🔥 /  / Move SL to your entry now 💰
tsafreetrades,3009,2026-09-07 09:33:07,sl,entry,TP1 & 2 SMASHED +200 Pips ✅ /  / DOUBLE LOT SIZE TRADE 🔥🔥 /  / Move SL to your entry now
tsafreetrades,3011,2026-09-07 09:42:41,close,buy,Close all gold sell positions if you have them. /  / We will go back to buys.
tsafreetrades,3017,2026-09-07 13:06:39,sl,entry,TP1 & 2 SMASHED +100 Pips ✅ /  / Move SL to your entry now 💰
tsafreetrades,3036,2026-09-08 07:36:08,sl,entry,TP1 SMASHED +40 Pips ✅ /  / Move SL to your entry now 💰
tsafreetrades,3047,2026-09-08 09:18:20,sl,4420.0,Move gold stoploss to 4420 /  / Be ready for the counter trade.
tsafreetrades,3049,2026-09-08 10:05:31,sl,entry,TP1 & 2 SMASHED +100 Pips ✅ /  / Move SL to your entry now 💰
tsafreetrades,3071,2026-09-09 07:48:39,close,buy,"Close gold sells, with a small loss. /  / Open gold buys. /  / Double lotsize."
tsafreetrades,3077,2026-09-09 09:56:34,sl,4368.0,MOVE ALL YOUR GOLD STOPLOSSES TO 4368 /  / IT WANTS TO GO FOR DOWNSIDE LIQUIDITY. /  / W
tsafreetrades,3078,2026-09-09 11:27:13,sl,entry,TP1 & 2 SMASHED +200 Pips ✅ /  / DOUBLE LOT SIZE TRADE 🔥🔥 /  / Move SL to your entry now
tsafreetrades,3080,2026-09-09 11:52:07,sl,entry,TP1 SMASHED +80 Pips ✅ /  / Move SL to your entry now 💰
tsafreetrades,3086,2026-09-09 12:48:03,sl,entry,TP1 SMASHED +40 Pips ✅ /  / Move SL to your entry now 💰
tsafreetrades,3101,2026-09-09 14:32:23,sl,entry,TP1 & 2 SMASHED +100 Pips ✅ /  / Move SL to your entry now 💰
tsafreetrades,3107,2026-09-09 14:57:03,sl,4390.0,Move gold stoplosses to 4390 to be safe from wicks.
tsafreetrades,3113,2026-09-09 15:23:29,sl,entry,TP1 & 2 SMASHED +100 Pips ✅ /  / Move SL to your entry now 💰
tsafreetrades,3142,2026-09-09 17:06:19,sl,entry,TP1 & 2 SMASHED +100 Pips ✅ /  / Move SL to your entry now 💰
tsafreetrades,3159,2026-09-10 07:53:26,sl,entry,TP1 & 2 SMASHED +100 Pips ✅ /  / Move SL to your entry now 💰
tsafreetrades,3162,2026-09-10 08:35:59,sl,entry,TP1 & 2 SMASHED +100 Pips ✅ /  / Move SL to your entry now 💰
tsafreetrades,3168,2026-09-10 10:18:16,sl,4420.0,Move gold stoploss to 4420 to be safe from wicks & make room for a jackpot count
tsafreetrades,3179,2026-09-10 10:59:41,sl,entry,TP1 & 2 SMASHED +100 Pips ✅ /  / Move SL to your entry now 💰
tsafreetrades,3196,2026-09-10 13:31:33,sl,entry,TP1 SMASHED +40 Pips ✅ /  / Move SL to your entry now 💰
tsafreetrades,3207,2026-09-10 17:58:58,sl,entry,TP1 & 2 SMASHED +100 Pips ✅ /  / Move SL to your entry now 💰
tsafreetrades,3237,2026-09-11 12:40:51,sl,4380.0,Move all gold stoplosses to 4380
tsafreetrades,3241,2026-09-11 12:52:24,sl,4390.0,Move stoploss one last time to 4390.
tsafreetrades,3249,2026-09-11 14:02:46,sl,entry,TP1 & 2 SMASHED +200 Pips ✅ /  / DOUBLE LOT SIZE TRADE 🔥🔥 /  / Move SL to your entry now
tsafreetrades,3260,2026-09-11 14:18:30,sl,entry,TP1 & 2 SMASHED +200 Pips ✅ /  / DOUBLE LOT SIZE TRADE 🔥🔥 /  / Move SL to your entry now
tsafreetrades,3266,2026-09-11 14:25:09,sl,entry,TP1 & 2 SMASHED +200 Pips ✅ /  / DOUBLE LOT SIZE TRADE 🔥🔥 /  / Move SL to your entry now
tsafreetrades,3282,2026-09-11 14:56:18,sl,entry,TP1 & 2 SMASHED +100 Pips ✅ /  / Move SL to your entry now 💰
tsafreetrades,3296,2026-09-11 17:59:44,sl,entry,TP1 & 2 SMASHED +100 Pips ✅ /  / Move SL to your entry now 💰
tsafreetrades,3326,2026-09-14 07:06:05,sl,entry,TP1 SMASHED +40 Pips ✅ /  / Move SL to your entry now 💰
tsafreetrades,3328,2026-09-14 07:30:50,sl,entry,TP1 SMASHED +40 Pips ✅ /  / Move SL to your entry now 💰
tsafreetrades,3330,2026-09-14 07:52:41,sl,entry,TP1 & 2 SMASHED +100 Pips ✅ /  / Move SL to your entry now 💰
tsafreetrades,3351,2026-09-14 12:36:56,sl,4360.0,Move SL to 4360 be ready for counter trade.
tsafreetrades,3352,2026-09-14 13:04:56,close,buy,Close all gold buys /  / OPEN NEW GOLD SELLS /  / DOUBLE LOT
tsafreetrades,3355,2026-09-14 13:08:34,sl,entry,TP1 & 2 SMASHED +200 Pips ✅ /  / DOUBLE LOT SIZE TRADE 🔥🔥 /  / Move SL to your entry now
tsafreetrades,3372,2026-09-14 14:10:12,sl,entry,TP1 & 2 SMASHED +100 Pips ✅ /  / Move SL to your entry now 💰
tsafreetrades,3379,2026-09-14 15:42:16,sl,4315.0,Move all gold stoplosses to 4315 /  / Looks like gold wants to do a liquidity sweep.
tsafreetrades,3394,2026-09-15 12:57:29,sl,entry,TP1 & 2 SMASHED +100 Pips ✅ /  / Move SL to your entry now 💰
tsafreetrades,3398,2026-09-15 14:40:22,sl,entry,TP1 & 2 SMASHED +100 Pips ✅ /  / Move SL to your entry now 💰
tsafreetrades,3401,2026-09-15 17:01:24,sl,entry,TP1 SMASHED +40 Pips ✅ /  / Move SL to your entry now 💰
tsafreetrades,3404,2026-09-16 08:17:54,sl,entry,TP1 & 2 SMASHED +100 Pips ✅ /  / Move SL to your entry now 💰
tsafreetrades,3415,2026-09-16 13:15:40,sl,entry,TP1 & 2 SMASHED +100 Pips ✅ /  / Move SL to your entry now 💰
tsafreetrades,3422,2026-09-17 10:53:06,sl,4330.0,MOVE SL TO 4330
tsafreetrades,3424,2026-09-17 11:03:53,sl,4335.0,MOVE GOLd STOPLOSS TO 4335 /  / ONE LAST TIME
tsafreetrades,3434,2026-09-17 11:55:27,sl,entry,TP1 & 2 SMASHED +200 Pips ✅ /  / DOUBLE LOT SIZE TRADE 🔥🔥 /  / Move SL to your entry now
tsafreetrades,3448,2026-09-17 13:43:56,close,buy,Close the gold buys here with a loss.
tsafreetrades,3466,2026-09-21 09:46:04,sl,entry,TP1 & 2 SMASHED +200 Pips ✅ /  / DOUBLE LOT SIZE TRADE 🔥🔥 /  / Move SL to your entry now
tsafreetrades,3469,2026-09-21 11:36:57,sl,4375.0,Move SL to 4375
tsafreetrades,3471,2026-09-21 11:44:08,sl,4379.0,Move all gold stoplosses to 4379.
tsafreetrades,3480,2026-09-22 13:54:55,sl,4320.0,Move SL to 4320
tsafreetrades,3488,2026-09-23 14:21:23,sl,entry,TP 1 hit /  / + 80 pips profit /  / Move sl to entry
tsafreetrades,3508,2026-09-24 12:44:05,sl,entry,TP 1 hit /  / + 40 pips profit /  / Move sl to entry
tsafreetrades,3509,2026-09-24 13:07:53,sl,entry,TP 1 hit /  / + 80 pips profit /  / Move sl to entry
tsafreetrades,3510,2026-09-24 13:08:27,sl,entry,TP 1 hit /  / + 80 pips profit /  / Move sl to entry
tsafreetrades,3515,2026-09-25 11:24:36,sl,entry,TP 1 & 2 hit /  / + 200 pips profit /  / Move sl to entry
tsafreetrades,3521,2026-09-25 14:10:19,sl,entry,TP1 & 2 SMASHED +200 Pips ✅ /  / DOUBLE LOT SIZE TRADE 🔥🔥 /  / Move SL to your entry now
tsafreetrades,3533,2026-09-28 12:09:09,sl,entry,TP 1 hit /  / + 40 pips profit /  / Move sl to entry
tsafreetrades,3569,2026-09-29 18:09:02,sl,entry,TP1 SMASHED +40 Pips ✅ /  / Move SL to your entry now 💰
tsafreetrades,3582,2026-09-30 11:40:48,sl,4205.0,Move SL to 4205
tsafreetrades,3584,2026-09-30 11:47:17,sl,entry,TP1 SMASHED +80 Pips ✅ /  / Move SL to your entry now 💰
tsafreetrades,3596,2026-09-30 14:30:55,sl,4150.0,Move SL to 4150
tsafreetrades,3602,2026-10-01 12:07:08,close,,CLOSE TP2 +220 Pips ✅
tsafreetrades,3607,2026-10-01 13:20:10,close,,Gold is going down legends… /  / Close it with a small loss here. /  / I will give you a
tsafreetrades,3608,2026-10-01 13:20:21,close,,Accept the - 40 pips loss here and close at 4174.
tsafreetrades,3611,2026-10-01 13:29:41,sl,entry,TP1 & 2 SMASHED +200 Pips ✅ /  / DOUBLE LOT SIZE TRADE 🔥🔥 /  / Move SL to your entry now
tsafreetrades,3621,2026-10-01 18:07:34,close,,CLOSE TP2 +200 Pips ✅
tsafreetrades,3633,2026-10-02 10:29:07,sl,entry,TP1 & 2 SMASHED +100 Pips ✅ /  / Move SL to your entry now 💰
tsafreetrades,3648,2026-10-02 18:15:38,sl,entry,TP1 & 2 SMASHED +100 Pips ✅ /  / Move SL to your entry now 💰
tsafreetrades,3681,2026-10-05 19:56:07,sl,entry,TP1 SMASHED +40 Pips ✅ /  / Move SL to your entry now 💰
tsafreetrades,3690,2026-10-06 09:33:01,sl,entry,TP1 & 2 SMASHED +150 Pips ✅🔥 /  / Move SL to your entry now 💰
tsafreetrades,3700,2026-10-06 14:27:01,sl,4130.0,Move all gold stoplosses to 4130
tsafreetrades,3725,2026-10-06 20:39:07,sl,4140.0,Move your stoploss to 4140 /  / Let’s place a buy limit  /  / Expecting price to push up
