symbol,name,cik,fetched_utc
MMM,3M,0000066740,2026-10-05T00:41:39Z
AOS,A. O. Smith,0000091142,2026-10-05T00:41:39Z
ABT,Abbott Laboratories,0000001800,2026-10-05T00:41:39Z
ABBV,AbbVie,0001551152,2026-10-05T00:41:39Z
ACN,Accenture,0001467373,2026-10-05T00:41:39Z
ADBE,Adobe Inc.,0000796343,2026-10-05T00:41:39Z
AMD,Advanced Micro Devices,0000002488,2026-10-05T00:41:39Z
AES,AES Corporation,0000874761,2026-10-05T00:41:39Z
AFL,Aflac,0000004977,2026-10-05T00:41:39Z
A,Agilent Technologies,0001090872,2026-10-05T00:41:39Z
APD,Air Products,0000002969,2026-10-05T00:41:39Z
ABNB,Airbnb,0001559720,2026-10-05T00:41:39Z
AKAM,Akamai Technologies,0001086222,2026-10-05T00:41:39Z
ALB,Albemarle Corporation,0000915913,2026-10-05T00:41:39Z
ARE,Alexandria Real Estate Equities,0001035443,2026-10-05T00:41:39Z
ALGN,Align Technology,0001097149,2026-10-05T00:41:39Z
ALLE,Allegion,0001579241,2026-10-05T00:41:39Z
LNT,Alliant Energy,0000352541,2026-10-05T00:41:39Z
ALL,Allstate,0000899051,2026-10-05T00:41:39Z
GOOGL,Alphabet Inc. (Class A),0001652044,2026-10-05T00:41:39Z
GOOG,Alphabet Inc. (Class C),0001652044,2026-10-05T00:41:39Z
MO,Altria,0000764180,2026-10-05T00:41:39Z
AMZN,Amazon,0001018724,2026-10-05T00:41:39Z
AMCR,Amcor,0001748790,2026-10-05T00:41:39Z
AEE,Ameren,0001002910,2026-10-05T00:41:39Z
AEP,American Electric Power,0000004904,2026-10-05T00:41:39Z
AXP,American Express,0000004962,2026-10-05T00:41:39Z
AIG,American International Group,0000005272,2026-10-05T00:41:39Z
AMT,American Tower,0001053507,2026-10-05T00:41:39Z
AWK,American Water Works,0001410636,2026-10-05T00:41:39Z
AMP,Ameriprise Financial,0000820027,2026-10-05T00:41:39Z
AME,Ametek,0001037868,2026-10-05T00:41:39Z
AMGN,Amgen,0000318154,2026-10-05T00:41:39Z
APH,Amphenol,0000820313,2026-10-05T00:41:39Z
ADI,Analog Devices,0000006281,2026-10-05T00:41:39Z
AON,Aon plc,0000315293,2026-10-05T00:41:39Z
APA,APA Corporation,0001841666,2026-10-05T00:41:39Z
APO,Apollo Global Management,0001858681,2026-10-05T00:41:39Z
AAPL,Apple Inc.,0000320193,2026-10-05T00:41:39Z
AMAT,Applied Materials,0000006951,2026-10-05T00:41:39Z
APP,AppLovin,0001751008,2026-10-05T00:41:39Z
APTV,Aptiv,0001521332,2026-10-05T00:41:39Z
ACGL,Arch Capital Group,0000947484,2026-10-05T00:41:39Z
ADM,Archer Daniels Midland,0000007084,2026-10-05T00:41:39Z
ARES,Ares Management,0001176948,2026-10-05T00:41:39Z
ANET,Arista Networks,0001596532,2026-10-05T00:41:39Z
AJG,Arthur J. Gallagher & Co.,0000354190,2026-10-05T00:41:39Z
AIZ,Assurant,0001267238,2026-10-05T00:41:39Z
T,AT&T,0000732717,2026-10-05T00:41:39Z
ATO,Atmos Energy,0000731802,2026-10-05T00:41:39Z
ADSK,Autodesk,0000769397,2026-10-05T00:41:39Z
ADP,Automatic Data Processing,0000008670,2026-10-05T00:41:39Z
AZO,AutoZone,0000866787,2026-10-05T00:41:39Z
AVY,Avery Dennison,0000008818,2026-10-05T00:41:39Z
AXON,Axon Enterprise,0001069183,2026-10-05T00:41:39Z
BKR,Baker Hughes,0001701605,2026-10-05T00:41:39Z
BALL,Ball Corporation,0000009389,2026-10-05T00:41:39Z
BAC,Bank of America,0000070858,2026-10-05T00:41:39Z
BAX,Baxter International,0000010456,2026-10-05T00:41:39Z
BDX,Becton Dickinson,0000010795,2026-10-05T00:41:39Z
BRK.B,Berkshire Hathaway,0001067983,2026-10-05T00:41:39Z
BBY,Best Buy,0000764478,2026-10-05T00:41:39Z
TECH,Bio-Techne,0000842023,2026-10-05T00:41:39Z
BIIB,Biogen,0000875045,2026-10-05T00:41:39Z
BLK,BlackRock,0002012383,2026-10-05T00:41:39Z
BX,Blackstone Inc.,0001393818,2026-10-05T00:41:39Z
XYZ,"Block, Inc.",0001512673,2026-10-05T00:41:39Z
BE,Bloom Energy,0001664703,2026-10-05T00:41:39Z
BNY,BNY Mellon,0001390777,2026-10-05T00:41:39Z
BA,Boeing,0000012927,2026-10-05T00:41:39Z
BKNG,Booking Holdings,0001075531,2026-10-05T00:41:39Z
BSX,Boston Scientific,0000885725,2026-10-05T00:41:39Z
BMY,Bristol Myers Squibb,0000014272,2026-10-05T00:41:39Z
AVGO,Broadcom,0001730168,2026-10-05T00:41:39Z
BR,Broadridge Financial Solutions,0001383312,2026-10-05T00:41:39Z
BRO,Brown & Brown,0000079282,2026-10-05T00:41:39Z
BF.B,Brown–Forman,0000014693,2026-10-05T00:41:39Z
BG,Bunge Global,0001996862,2026-10-05T00:41:39Z
BXP,"BXP, Inc.",0001037540,2026-10-05T00:41:39Z
CHRW,C.H. Robinson,0001043277,2026-10-05T00:41:39Z
CDNS,Cadence Design Systems,0000813672,2026-10-05T00:41:39Z
CPT,Camden Property Trust,0000906345,2026-10-05T00:41:39Z
COF,Capital One,0000927628,2026-10-05T00:41:39Z
CAH,Cardinal Health,0000721371,2026-10-05T00:41:39Z
CCL,Carnival Corporation,0000815097,2026-10-05T00:41:39Z
CARR,Carrier Global,0001783180,2026-10-05T00:41:39Z
CVNA,Carvana,0001690820,2026-10-05T00:41:39Z
CASY,Casey's,0000726958,2026-10-05T00:41:39Z
CAT,Caterpillar Inc.,0000018230,2026-10-05T00:41:39Z
CBOE,Cboe Global Markets,0001374310,2026-10-05T00:41:39Z
CBRE,CBRE Group,0001138118,2026-10-05T00:41:39Z
CDW,CDW Corporation,0001402057,2026-10-05T00:41:39Z
COR,Cencora,0001140859,2026-10-05T00:41:39Z
CNC,Centene Corporation,0001071739,2026-10-05T00:41:39Z
CNP,CenterPoint Energy,0001130310,2026-10-05T00:41:39Z
CF,CF Industries,0001324404,2026-10-05T00:41:39Z
CRL,Charles River Laboratories,0001100682,2026-10-05T00:41:39Z
SCHW,Charles Schwab Corporation,0000316709,2026-10-05T00:41:39Z
CHTR,Charter Communications,0001091667,2026-10-05T00:41:39Z
CVX,Chevron Corporation,0000093410,2026-10-05T00:41:39Z
CMG,Chipotle Mexican Grill,0001058090,2026-10-05T00:41:39Z
CB,Chubb Limited,0000896159,2026-10-05T00:41:39Z
CHD,Church & Dwight,0000313927,2026-10-05T00:41:39Z
CIEN,Ciena,0000936395,2026-10-05T00:41:39Z
CI,Cigna,0001739940,2026-10-05T00:41:39Z
CINF,Cincinnati Financial,0000020286,2026-10-05T00:41:39Z
CTAS,Cintas,0000723254,2026-10-05T00:41:39Z
CSCO,Cisco,0000858877,2026-10-05T00:41:39Z
C,Citigroup,0000831001,2026-10-05T00:41:39Z
CFG,Citizens Financial Group,0000759944,2026-10-05T00:41:39Z
CLX,Clorox,0000021076,2026-10-05T00:41:39Z
CME,CME Group,0001156375,2026-10-05T00:41:39Z
CMS,CMS Energy,0000811156,2026-10-05T00:41:39Z
KO,Coca-Cola Company (The),0000021344,2026-10-05T00:41:39Z
CTSH,Cognizant,0001058290,2026-10-05T00:41:39Z
COHR,Coherent Corp.,0000820318,2026-10-05T00:41:39Z
COIN,Coinbase,0001679788,2026-10-05T00:41:39Z
CL,Colgate-Palmolive,0000021665,2026-10-05T00:41:39Z
CMCSA,Comcast,0001166691,2026-10-05T00:41:39Z
FIX,Comfort Systems USA,0001035983,2026-10-05T00:41:39Z
COP,ConocoPhillips,0001163165,2026-10-05T00:41:39Z
ED,Consolidated Edison,0001047862,2026-10-05T00:41:39Z
STZ,Constellation Brands,0000016918,2026-10-05T00:41:39Z
CEG,Constellation Energy,0001868275,2026-10-05T00:41:39Z
COO,Cooper Companies (The),0000711404,2026-10-05T00:41:39Z
CPRT,Copart,0000900075,2026-10-05T00:41:39Z
GLW,Corning Inc.,0000024741,2026-10-05T00:41:39Z
CPAY,Corpay,0001175454,2026-10-05T00:41:39Z
CTVA,Corteva,0001755672,2026-10-05T00:41:39Z
CSGP,CoStar Group,0001057352,2026-10-05T00:41:39Z
COST,Costco,0000909832,2026-10-05T00:41:39Z
CRH,CRH plc,0000849395,2026-10-05T00:41:39Z
CRWD,CrowdStrike,0001535527,2026-10-05T00:41:39Z
CCI,Crown Castle,0001051470,2026-10-05T00:41:39Z
CSX,CSX Corporation,0000277948,2026-10-05T00:41:39Z
CMI,Cummins,0000026172,2026-10-05T00:41:39Z
CVS,CVS Health,0000064803,2026-10-05T00:41:39Z
DHR,Danaher Corporation,0000313616,2026-10-05T00:41:39Z
DRI,Darden Restaurants,0000940944,2026-10-05T00:41:39Z
DDOG,Datadog,0001561550,2026-10-05T00:41:39Z
DVA,DaVita,0000927066,2026-10-05T00:41:39Z
DECK,Deckers Brands,0000910521,2026-10-05T00:41:39Z
DE,Deere & Company,0000315189,2026-10-05T00:41:39Z
DELL,Dell Technologies,0001571996,2026-10-05T00:41:39Z
DAL,Delta Air Lines,0000027904,2026-10-05T00:41:39Z
DVN,Devon Energy,0001090012,2026-10-05T00:41:39Z
DXCM,Dexcom,0001093557,2026-10-05T00:41:39Z
FANG,Diamondback Energy,0001539838,2026-10-05T00:41:39Z
DLR,Digital Realty,0001297996,2026-10-05T00:41:39Z
DG,Dollar General,0000029534,2026-10-05T00:41:39Z
DLTR,Dollar Tree,0000935703,2026-10-05T00:41:39Z
D,Dominion Energy,0000715957,2026-10-05T00:41:39Z
DPZ,Domino's,0001286681,2026-10-05T00:41:39Z
DASH,DoorDash,0001792789,2026-10-05T00:41:39Z
DOV,Dover Corporation,0000029905,2026-10-05T00:41:39Z
DOW,Dow Inc.,0001751788,2026-10-05T00:41:39Z
DHI,D. R. Horton,0000882184,2026-10-05T00:41:39Z
DTE,DTE Energy,0000936340,2026-10-05T00:41:39Z
DUK,Duke Energy,0001326160,2026-10-05T00:41:39Z
DD,DuPont,0001666700,2026-10-05T00:41:39Z
ETN,Eaton Corporation,0001551182,2026-10-05T00:41:39Z
EBAY,eBay Inc.,0001065088,2026-10-05T00:41:39Z
ECHO,EchoStar,0001415404,2026-10-05T00:41:39Z
ECL,Ecolab,0000031462,2026-10-05T00:41:39Z
EIX,Edison International,0000827052,2026-10-05T00:41:39Z
EW,Edwards Lifesciences,0001099800,2026-10-05T00:41:39Z
ELV,Elevance Health,0001156039,2026-10-05T00:41:39Z
EME,Emcor,0000105634,2026-10-05T00:41:39Z
EMR,Emerson Electric,0000032604,2026-10-05T00:41:39Z
ETR,Entergy,0000065984,2026-10-05T00:41:39Z
EOG,EOG Resources,0000821189,2026-10-05T00:41:39Z
EQT,EQT Corporation,0000033213,2026-10-05T00:41:39Z
EFX,Equifax,0000033185,2026-10-05T00:41:39Z
EQIX,Equinix,0001101239,2026-10-05T00:41:39Z
ERIE,Erie Indemnity,0000922621,2026-10-05T00:41:39Z
ESS,Essex Property Trust,0000920522,2026-10-05T00:41:39Z
EL,Estée Lauder Companies (The),0001001250,2026-10-05T00:41:39Z
EG,Everest Group,0001095073,2026-10-05T00:41:39Z
EVRG,Evergy,0001711269,2026-10-05T00:41:39Z
P,Everpure,0001474432,2026-10-05T00:41:39Z
ES,Eversource Energy,0000072741,2026-10-05T00:41:39Z
EXC,Exelon,0001109357,2026-10-05T00:41:39Z
EXE,Expand Energy,0000895126,2026-10-05T00:41:39Z
EXPE,Expedia Group,0001324424,2026-10-05T00:41:39Z
EXPD,Expeditors International,0000746515,2026-10-05T00:41:39Z
EXR,Extra Space Storage,0001289490,2026-10-05T00:41:39Z
XOM,ExxonMobil,0002115436,2026-10-05T00:41:39Z
FFIV,"F5, Inc.",0001048695,2026-10-05T00:41:39Z
FDS,FactSet,0001013237,2026-10-05T00:41:39Z
FICO,Fair Isaac,0000814547,2026-10-05T00:41:39Z
FAST,Fastenal,0000815556,2026-10-05T00:41:39Z
FRT,Federal Realty Investment Trust,0000034903,2026-10-05T00:41:39Z
FDX,FedEx,0001048911,2026-10-05T00:41:39Z
FDXF,FedEx Freight,0002082247,2026-10-05T00:41:39Z
FERG,Ferguson Enterprises,0002011641,2026-10-05T00:41:39Z
FIS,Fidelity National Information Services,0001136893,2026-10-05T00:41:39Z
FITB,Fifth Third Bancorp,0000035527,2026-10-05T00:41:39Z
FSLR,First Solar,0001274494,2026-10-05T00:41:39Z
FE,FirstEnergy,0001031296,2026-10-05T00:41:39Z
FISV,Fiserv,0000798354,2026-10-05T00:41:39Z
FLEX,Flex Ltd.,0000866374,2026-10-05T00:41:39Z
F,Ford Motor Company,0000037996,2026-10-05T00:41:39Z
FTNT,Fortinet,0001262039,2026-10-05T00:41:39Z
FTV,Fortive,0001659166,2026-10-05T00:41:39Z
FOXA,Fox Corporation (Class A),0001754301,2026-10-05T00:41:39Z
FOX,Fox Corporation (Class B),0001754301,2026-10-05T00:41:39Z
BEN,Franklin Resources,0000038777,2026-10-05T00:41:39Z
FCX,Freeport-McMoRan,0000831259,2026-10-05T00:41:39Z
GRMN,Garmin,0001121788,2026-10-05T00:41:39Z
IT,Gartner,0000749251,2026-10-05T00:41:39Z
GE,GE Aerospace,0000040545,2026-10-05T00:41:39Z
GEHC,GE HealthCare,0001932393,2026-10-05T00:41:39Z
GEV,GE Vernova,0001996810,2026-10-05T00:41:39Z
GEN,Gen Digital,0000849399,2026-10-05T00:41:39Z
GNRC,Generac,0001474735,2026-10-05T00:41:39Z
GD,General Dynamics,0000040533,2026-10-05T00:41:39Z
GIS,General Mills,0000040704,2026-10-05T00:41:39Z
GM,General Motors,0001467858,2026-10-05T00:41:39Z
GPC,Genuine Parts Company,0000040987,2026-10-05T00:41:39Z
GILD,Gilead Sciences,0000882095,2026-10-05T00:41:39Z
GPN,Global Payments,0001123360,2026-10-05T00:41:39Z
GL,Globe Life,0000320335,2026-10-05T00:41:39Z
GDDY,GoDaddy,0001609711,2026-10-05T00:41:39Z
GS,Goldman Sachs,0000886982,2026-10-05T00:41:39Z
HAL,Halliburton,0000045012,2026-10-05T00:41:39Z
HIG,Hartford (The),0000874766,2026-10-05T00:41:39Z
HAS,Hasbro,0000046080,2026-10-05T00:41:39Z
HCA,HCA Healthcare,0000860730,2026-10-05T00:41:39Z
DOC,Healthpeak Properties,0000765880,2026-10-05T00:41:39Z
HSIC,Henry Schein,0001000228,2026-10-05T00:41:39Z
HSY,Hershey Company (The),0000047111,2026-10-05T00:41:39Z
HPE,Hewlett Packard Enterprise,0001645590,2026-10-05T00:41:39Z
HLT,Hilton Worldwide,0001585689,2026-10-05T00:41:39Z
HD,Home Depot (The),0000354950,2026-10-05T00:41:39Z
HONA,Honeywell Aerospace,0002089271,2026-10-05T00:41:39Z
HON,Honeywell Technologies,0000773840,2026-10-05T00:41:39Z
HRL,Hormel Foods,0000048465,2026-10-05T00:41:39Z
HST,Host Hotels & Resorts,0001070750,2026-10-05T00:41:39Z
HWM,Howmet Aerospace,0000004281,2026-10-05T00:41:39Z
HPQ,HP Inc.,0000047217,2026-10-05T00:41:39Z
HUBB,Hubbell Incorporated,0000048898,2026-10-05T00:41:39Z
HUM,Humana,0000049071,2026-10-05T00:41:39Z
HBAN,Huntington Bancshares,0000049196,2026-10-05T00:41:39Z
HII,Huntington Ingalls Industries,0001501585,2026-10-05T00:41:39Z
IBM,IBM,0000051143,2026-10-05T00:41:39Z
IEX,IDEX Corporation,0000832101,2026-10-05T00:41:39Z
IDXX,Idexx Laboratories,0000874716,2026-10-05T00:41:39Z
ITW,Illinois Tool Works,0000049826,2026-10-05T00:41:39Z
ILMN,"Illumina, Inc.",0001110803,2026-10-05T00:41:39Z
INCY,Incyte,0000879169,2026-10-05T00:41:39Z
IR,Ingersoll Rand,0001699150,2026-10-05T00:41:39Z
PODD,Insulet Corporation,0001145197,2026-10-05T00:41:39Z
INTC,Intel,0000050863,2026-10-05T00:41:39Z
IBKR,Interactive Brokers,0001381197,2026-10-05T00:41:39Z
ICE,Intercontinental Exchange,0001571949,2026-10-05T00:41:39Z
IFF,International Flavors & Fragrances,0000051253,2026-10-05T00:41:39Z
IP,International Paper,0000051434,2026-10-05T00:41:39Z
INTU,Intuit,0000896878,2026-10-05T00:41:39Z
ISRG,Intuitive Surgical,0001035267,2026-10-05T00:41:39Z
IVZ,Invesco,0000914208,2026-10-05T00:41:39Z
INVH,Invitation Homes,0001687229,2026-10-05T00:41:39Z
IQV,IQVIA,0001478242,2026-10-05T00:41:39Z
IRM,Iron Mountain,0001020569,2026-10-05T00:41:39Z
JBHT,J.B. Hunt,0000728535,2026-10-05T00:41:39Z
JBL,Jabil,0000898293,2026-10-05T00:41:39Z
JKHY,Jack Henry & Associates,0000779152,2026-10-05T00:41:39Z
J,Jacobs Solutions,0000052988,2026-10-05T00:41:39Z
JNJ,Johnson & Johnson,0000200406,2026-10-05T00:41:39Z
JCI,Johnson Controls,0000833444,2026-10-05T00:41:39Z
JPM,JPMorgan Chase,0000019617,2026-10-05T00:41:39Z
KVUE,Kenvue,0001944048,2026-10-05T00:41:39Z
KDP,Keurig Dr Pepper,0001418135,2026-10-05T00:41:39Z
KEY,KeyCorp,0000091576,2026-10-05T00:41:39Z
KEYS,Keysight Technologies,0001601046,2026-10-05T00:41:39Z
KMB,Kimberly-Clark,0000055785,2026-10-05T00:41:39Z
KIM,Kimco Realty,0000879101,2026-10-05T00:41:39Z
KMI,Kinder Morgan,0001506307,2026-10-05T00:41:39Z
KKR,KKR & Co.,0001404912,2026-10-05T00:41:39Z
KLAC,KLA Corporation,0000319201,2026-10-05T00:41:39Z
KHC,Kraft Heinz,0001637459,2026-10-05T00:41:39Z
KR,Kroger,0000056873,2026-10-05T00:41:39Z
LHX,L3Harris,0000202058,2026-10-05T00:41:39Z
LH,Labcorp,0000920148,2026-10-05T00:41:39Z
LRCX,Lam Research,0000707549,2026-10-05T00:41:39Z
LVS,Las Vegas Sands,0001300514,2026-10-05T00:41:39Z
LDOS,Leidos,0001336920,2026-10-05T00:41:39Z
LEN,Lennar,0000920760,2026-10-05T00:41:39Z
LII,Lennox International,0001069202,2026-10-05T00:41:39Z
LLY,Lilly (Eli),0000059478,2026-10-05T00:41:39Z
LIN,Linde plc,0001707925,2026-10-05T00:41:39Z
LYV,Live Nation Entertainment,0001335258,2026-10-05T00:41:39Z
LMT,Lockheed Martin,0000936468,2026-10-05T00:41:39Z
L,Loews Corporation,0000060086,2026-10-05T00:41:39Z
LOW,Lowe's,0000060667,2026-10-05T00:41:39Z
LULU,Lululemon Athletica,0001397187,2026-10-05T00:41:39Z
LITE,Lumentum,0001633978,2026-10-05T00:41:39Z
LYB,LyondellBasell,0001489393,2026-10-05T00:41:39Z
MTB,M&T Bank,0000036270,2026-10-05T00:41:39Z
MPC,Marathon Petroleum,0001510295,2026-10-05T00:41:39Z
MAR,Marriott International,0001048286,2026-10-05T00:41:39Z
MRSH,Marsh McLennan,0000062709,2026-10-05T00:41:39Z
MLM,Martin Marietta Materials,0000916076,2026-10-05T00:41:39Z
MRVL,Marvell Technology,0001835632,2026-10-05T00:41:39Z
MAS,Masco,0000062996,2026-10-05T00:41:39Z
MA,Mastercard,0001141391,2026-10-05T00:41:39Z
MKC,McCormick & Company,0000063754,2026-10-05T00:41:39Z
MCD,McDonald's,0000063908,2026-10-05T00:41:39Z
MCK,McKesson Corporation,0000927653,2026-10-05T00:41:39Z
MDT,Medtronic,0001613103,2026-10-05T00:41:39Z
MRK,Merck & Co.,0000310158,2026-10-05T00:41:39Z
META,Meta Platforms,0001326801,2026-10-05T00:41:39Z
MET,MetLife,0001099219,2026-10-05T00:41:39Z
MTD,Mettler Toledo,0001037646,2026-10-05T00:41:39Z
MGM,MGM Resorts,0000789570,2026-10-05T00:41:39Z
MCHP,Microchip Technology,0000827054,2026-10-05T00:41:39Z
MU,Micron Technology,0000723125,2026-10-05T00:41:39Z
MSFT,Microsoft,0000789019,2026-10-05T00:41:39Z
MAA,Mid-America Apartment Communities,0000912595,2026-10-05T00:41:39Z
MRNA,Moderna,0001682852,2026-10-05T00:41:39Z
MDLZ,Mondelez International,0001103982,2026-10-05T00:41:39Z
MPWR,Monolithic Power Systems,0001280452,2026-10-05T00:41:39Z
MNST,Monster Beverage,0000865752,2026-10-05T00:41:39Z
MCO,Moody's Corporation,0001059556,2026-10-05T00:41:39Z
MS,Morgan Stanley,0000895421,2026-10-05T00:41:39Z
MOS,Mosaic Company (The),0001285785,2026-10-05T00:41:39Z
MSI,Motorola Solutions,0000068505,2026-10-05T00:41:39Z
MSCI,MSCI,0001408198,2026-10-05T00:41:39Z
NDAQ,"Nasdaq, Inc.",0001120193,2026-10-05T00:41:39Z
NTAP,NetApp,0001002047,2026-10-05T00:41:39Z
NFLX,Netflix,0001065280,2026-10-05T00:41:39Z
NEM,Newmont,0001164727,2026-10-05T00:41:39Z
NWSA,News Corp (Class A),0001564708,2026-10-05T00:41:39Z
NWS,News Corp (Class B),0001564708,2026-10-05T00:41:39Z
NEE,NextEra Energy,0000753308,2026-10-05T00:41:39Z
NKE,"Nike, Inc.",0000320187,2026-10-05T00:41:39Z
NI,NiSource,0001111711,2026-10-05T00:41:39Z
NDSN,Nordson Corporation,0000072331,2026-10-05T00:41:39Z
NSC,Norfolk Southern,0000702165,2026-10-05T00:41:39Z
NTRS,Northern Trust,0000073124,2026-10-05T00:41:39Z
NOC,Northrop Grumman,0001133421,2026-10-05T00:41:39Z
NCLH,Norwegian Cruise Line Holdings,0001513761,2026-10-05T00:41:39Z
NRG,NRG Energy,0001013871,2026-10-05T00:41:39Z
NUE,Nucor,0000073309,2026-10-05T00:41:39Z
NVDA,Nvidia,0001045810,2026-10-05T00:41:39Z
NVR,"NVR, Inc.",0000906163,2026-10-05T00:41:39Z
NXPI,NXP Semiconductors,0001413447,2026-10-05T00:41:39Z
ORLY,O'Reilly Automotive,0000898173,2026-10-05T00:41:39Z
OXY,Occidental Petroleum,0000797468,2026-10-05T00:41:39Z
ODFL,Old Dominion,0000878927,2026-10-05T00:41:39Z
OMC,Omnicom Group,0000029989,2026-10-05T00:41:39Z
ON,ON Semiconductor,0001097864,2026-10-05T00:41:39Z
OKE,Oneok,0001039684,2026-10-05T00:41:39Z
ORCL,Oracle Corporation,0001341439,2026-10-05T00:41:39Z
OTIS,Otis Worldwide,0001781335,2026-10-05T00:41:39Z
PCAR,Paccar,0000075362,2026-10-05T00:41:39Z
PKG,Packaging Corporation of America,0000075677,2026-10-05T00:41:39Z
PLTR,Palantir Technologies,0001321655,2026-10-05T00:41:39Z
PANW,Palo Alto Networks,0001327567,2026-10-05T00:41:39Z
PSKY,Paramount Skydance Corporation,0002041610,2026-10-05T00:41:39Z
PH,Parker Hannifin,0000076334,2026-10-05T00:41:39Z
PAYX,Paychex,0000723531,2026-10-05T00:41:39Z
PYPL,PayPal,0001633917,2026-10-05T00:41:39Z
PNR,Pentair,0000077360,2026-10-05T00:41:39Z
PEP,PepsiCo,0000077476,2026-10-05T00:41:39Z
PFE,Pfizer,0000078003,2026-10-05T00:41:39Z
PCG,PG&E Corporation,0001004980,2026-10-05T00:41:39Z
PM,Philip Morris International,0001413329,2026-10-05T00:41:39Z
PSX,Phillips 66,0001534701,2026-10-05T00:41:39Z
PNW,Pinnacle West Capital,0000764622,2026-10-05T00:41:39Z
PNC,PNC Financial Services,0000713676,2026-10-05T00:41:39Z
PPG,PPG Industries,0000079879,2026-10-05T00:41:39Z
PPL,PPL Corporation,0000922224,2026-10-05T00:41:39Z
PFG,Principal Financial Group,0001126328,2026-10-05T00:41:39Z
PG,Procter & Gamble,0000080424,2026-10-05T00:41:39Z
PGR,Progressive Corporation,0000080661,2026-10-05T00:41:39Z
PLD,Prologis,0001045609,2026-10-05T00:41:39Z
PRU,Prudential Financial,0001137774,2026-10-05T00:41:39Z
PEG,Public Service Enterprise Group,0000788784,2026-10-05T00:41:39Z
PTC,PTC Inc.,0000857005,2026-10-05T00:41:39Z
PSA,Public Storage,0001393311,2026-10-05T00:41:39Z
PHM,PulteGroup,0000822416,2026-10-05T00:41:39Z
PWR,Quanta Services,0001050915,2026-10-05T00:41:39Z
QCOM,Qualcomm,0000804328,2026-10-05T00:41:39Z
DGX,Quest Diagnostics,0001022079,2026-10-05T00:41:39Z
Q,Qnity Electronics,0002058873,2026-10-05T00:41:39Z
RL,Ralph Lauren Corporation,0001037038,2026-10-05T00:41:39Z
RJF,Raymond James Financial,0000720005,2026-10-05T00:41:39Z
RDDT,Reddit,0001713445,2026-10-05T00:41:39Z
RTX,RTX Corporation,0000101829,2026-10-05T00:41:39Z
O,Realty Income,0000726728,2026-10-05T00:41:39Z
REG,Regency Centers,0000910606,2026-10-05T00:41:39Z
REGN,Regeneron Pharmaceuticals,0000872589,2026-10-05T00:41:39Z
RF,Regions Financial Corporation,0001281761,2026-10-05T00:41:39Z
RSG,Republic Services,0001060391,2026-10-05T00:41:39Z
RMD,ResMed|,0000943819,2026-10-05T00:41:39Z
RVTY,Revvity,0000031791,2026-10-05T00:41:39Z
HOOD,Robinhood Markets,0001783879,2026-10-05T00:41:39Z
ROK,Rockwell Automation,0001024478,2026-10-05T00:41:39Z
ROL,"Rollins, Inc.",0000084839,2026-10-05T00:41:39Z
ROP,Roper Technologies,0000882835,2026-10-05T00:41:39Z
ROST,Ross Stores,0000745732,2026-10-05T00:41:39Z
RCL,Royal Caribbean Group,0000884887,2026-10-05T00:41:39Z
SPGI,S&P Global,0000064040,2026-10-05T00:41:39Z
CRM,Salesforce,0001108524,2026-10-05T00:41:39Z
SNDK,Sandisk,0002023554,2026-10-05T00:41:39Z
SBAC,SBA Communications,0001034054,2026-10-05T00:41:39Z
SLB,Schlumberger,0000087347,2026-10-05T00:41:39Z
STX,Seagate Technology,0001137789,2026-10-05T00:41:39Z
SRE,Sempra,0001032208,2026-10-05T00:41:39Z
NOW,ServiceNow,0001373715,2026-10-05T00:41:39Z
SHW,Sherwin-Williams,0000089800,2026-10-05T00:41:39Z
SPG,Simon Property Group,0001063761,2026-10-05T00:41:39Z
SWKS,Skyworks Solutions,0000004127,2026-10-05T00:41:39Z
SJM,J.M. Smucker Company (The),0000091419,2026-10-05T00:41:39Z
SW,Smurfit Westrock,0002005951,2026-10-05T00:41:39Z
SNA,Snap-on,0000091440,2026-10-05T00:41:39Z
SOLV,Solventum,0001964738,2026-10-05T00:41:39Z
SO,Southern Company,0000092122,2026-10-05T00:41:39Z
LUV,Southwest Airlines,0000092380,2026-10-05T00:41:39Z
SWK,Stanley Black & Decker,0000093556,2026-10-05T00:41:39Z
SBUX,Starbucks,0000829224,2026-10-05T00:41:39Z
STT,State Street Corporation,0000093751,2026-10-05T00:41:39Z
STLD,Steel Dynamics,0001022671,2026-10-05T00:41:39Z
STE,Steris,0001757898,2026-10-05T00:41:39Z
SYK,Stryker Corporation,0000310764,2026-10-05T00:41:39Z
SMCI,Supermicro,0001375365,2026-10-05T00:41:39Z
SYF,Synchrony Financial,0001601712,2026-10-05T00:41:39Z
SNPS,Synopsys,0000883241,2026-10-05T00:41:39Z
SYY,Sysco,0000096021,2026-10-05T00:41:39Z
TMUS,T-Mobile US,0001283699,2026-10-05T00:41:39Z
TROW,T. Rowe Price,0001113169,2026-10-05T00:41:39Z
TTWO,Take-Two Interactive,0000946581,2026-10-05T00:41:39Z
TPR,"Tapestry, Inc.",0001116132,2026-10-05T00:41:39Z
TRGP,Targa Resources,0001389170,2026-10-05T00:41:39Z
TGT,Target Corporation,0000027419,2026-10-05T00:41:39Z
TEL,TE Connectivity,0001385157,2026-10-05T00:41:39Z
TDY,Teledyne Technologies,0001094285,2026-10-05T00:41:39Z
TER,Teradyne,0000097210,2026-10-05T00:41:39Z
TSLA,"Tesla, Inc.",0001318605,2026-10-05T00:41:39Z
TXN,Texas Instruments,0000097476,2026-10-05T00:41:39Z
TPL,Texas Pacific Land Corporation,0001811074,2026-10-05T00:41:39Z
TXT,Textron,0000217346,2026-10-05T00:41:39Z
TMO,Thermo Fisher Scientific,0000097745,2026-10-05T00:41:39Z
TJX,TJX Companies,0000109198,2026-10-05T00:41:39Z
TKO,TKO Group Holdings,0001973266,2026-10-05T00:41:39Z
TSCO,Tractor Supply,0000916365,2026-10-05T00:41:39Z
TT,Trane Technologies,0001466258,2026-10-05T00:41:39Z
TDG,TransDigm Group,0001260221,2026-10-05T00:41:39Z
TRV,Travelers Companies (The),0000086312,2026-10-05T00:41:39Z
TRMB,Trimble Inc.,0000864749,2026-10-05T00:41:39Z
TFC,Truist Financial,0000092230,2026-10-05T00:41:39Z
TYL,Tyler Technologies,0000860731,2026-10-05T00:41:39Z
TSN,Tyson Foods,0000100493,2026-10-05T00:41:39Z
USB,U.S. Bancorp,0000036104,2026-10-05T00:41:39Z
UBER,Uber,0001543151,2026-10-05T00:41:39Z
UDR,"UDR, Inc.",0000074208,2026-10-05T00:41:39Z
ULTA,Ulta Beauty,0001403568,2026-10-05T00:41:39Z
UNP,Union Pacific Corporation,0000100885,2026-10-05T00:41:39Z
UAL,United Airlines Holdings,0000100517,2026-10-05T00:41:39Z
UPS,United Parcel Service,0001090727,2026-10-05T00:41:39Z
URI,United Rentals,0001067701,2026-10-05T00:41:39Z
UNH,UnitedHealth Group,0000731766,2026-10-05T00:41:39Z
UHS,Universal Health Services,0000352915,2026-10-05T00:41:39Z
VLO,Valero Energy,0001035002,2026-10-05T00:41:39Z
VEEV,Veeva Systems,0001393052,2026-10-05T00:41:39Z
VTR,Ventas,0000740260,2026-10-05T00:41:39Z
VLTO,Veralto,0001967680,2026-10-05T00:41:39Z
VRSN,Verisign,0001014473,2026-10-05T00:41:39Z
VRSK,Verisk Analytics,0001442145,2026-10-05T00:41:39Z
VZ,Verizon,0000732712,2026-10-05T00:41:39Z
VRTX,Vertex Pharmaceuticals,0000875320,2026-10-05T00:41:39Z
VRT,Vertiv,0001674101,2026-10-05T00:41:39Z
VTRS,Viatris,0001792044,2026-10-05T00:41:39Z
VICI,Vici Properties,0001705696,2026-10-05T00:41:39Z
V,Visa Inc.,0001403161,2026-10-05T00:41:39Z
VST,Vistra Corp.,0001692819,2026-10-05T00:41:39Z
VMRK,Vivmark Residential,0000906107,2026-10-05T00:41:39Z
VMC,Vulcan Materials Company,0001396009,2026-10-05T00:41:39Z
WRB,W. R. Berkley Corporation,0000011544,2026-10-05T00:41:39Z
GWW,W. W. Grainger,0000277135,2026-10-05T00:41:39Z
WAB,Wabtec,0000943452,2026-10-05T00:41:39Z
WMT,Walmart,0000104169,2026-10-05T00:41:39Z
DIS,Walt Disney Company (The),0001744489,2026-10-05T00:41:39Z
WBD,Warner Bros. Discovery,0001437107,2026-10-05T00:41:39Z
WM,Waste Management,0000823768,2026-10-05T00:41:39Z
WAT,Waters Corporation,0001000697,2026-10-05T00:41:39Z
WEC,WEC Energy Group,0000783325,2026-10-05T00:41:39Z
WFC,Wells Fargo,0000072971,2026-10-05T00:41:39Z
WELL,Welltower,0000766704,2026-10-05T00:41:39Z
WST,West Pharmaceutical Services,0000105770,2026-10-05T00:41:39Z
WDC,Western Digital,0000106040,2026-10-05T00:41:39Z
WY,Weyerhaeuser,0000106535,2026-10-05T00:41:39Z
WSM,"Williams-Sonoma, Inc.",0000719955,2026-10-05T00:41:39Z
WMB,Williams Companies,0000107263,2026-10-05T00:41:39Z
WTW,Willis Towers Watson,0001140536,2026-10-05T00:41:39Z
WDAY,"Workday, Inc.",0001327811,2026-10-05T00:41:39Z
WYNN,Wynn Resorts,0001174922,2026-10-05T00:41:39Z
XEL,Xcel Energy,0000072903,2026-10-05T00:41:39Z
XYL,Xylem Inc.,0001524472,2026-10-05T00:41:39Z
YUM,Yum! Brands,0001041061,2026-10-05T00:41:39Z
ZBRA,Zebra Technologies,0000877212,2026-10-05T00:41:39Z
ZBH,Zimmer Biomet,0001136869,2026-10-05T00:41:39Z
ZTS,Zoetis,0001555280,2026-10-05T00:41:39Z
